Index,Username,First Name,Group,Status,Type
1,sellLicense,3559634615946570941,MMO KH Buy And Sell Account Page,UserStatusRecently,All
2,WholesaleProvider,‰∏ÉÂì•,MMO KH Buy And Sell Account Page,2026-02-20 15:48:01,All
3,kymberlywiesfOyAP452,Toni,MMO KH Buy And Sell Account Page,UserStatusRecently,All
4,wabr_38hr6h,6jhr,MMO KH Buy And Sell Account Page,UserStatusRecently,All
5,tfol_56iugzbvubrf,·ûî·ûÑ,MMO KH Buy And Sell Account Page,UserStatusRecently,All
6,PJ_34JJP,PJ,MMO KH Buy And Sell Account Page,UserStatusRecently,All
7,dvautml_47dhjeelpjz,It Good D,MMO KH Buy And Sell Account Page,UserStatusRecently,All
8,Rong_45gRo,Rong,MMO KH Buy And Sell Account Page,UserStatusRecently,All
9,gke_23mmjcor,·û†·ûæ·üí·û™·ûä·ûô·ûª,MMO KH Buy And Sell Account Page,UserStatusRecently,All
10,odellstrachanESusO539,Terry,MMO KH Buy And Sell Account Page,UserStatusRecently,All
11,Ph_48PPhh,Ph,MMO KH Buy And Sell Account Page,UserStatusRecently,All
12,friedagiacomoBgVJc283,Alan,MMO KH Buy And Sell Account Page,UserStatusRecently,All
13,pwqxriu_55vczyipfeztrr,Hi GG R,MMO KH Buy And Sell Account Page,UserStatusRecently,All
14,fcyhlicz_67oahsxjtkxo,Do It,MMO KH Buy And Sell Account Page,UserStatusRecently,All
15,rwmmun_67lokcnvppp,Na Fh,MMO KH Buy And Sell Account Page,UserStatusRecently,All
16,Lay3_233aa,Lay3,MMO KH Buy And Sell Account Page,UserStatusRecently,All
17,laurabelarminotCRDE322,Matthew,MMO KH Buy And Sell Account Page,UserStatusRecently,All
18,dkp_78xnwtsf,REALLY GOOD,MMO KH Buy And Sell Account Page,UserStatusRecently,All
19,tgselwj_79wyxhas,·ûò·ûö·ûé·ûó·û∂·ûñ·ûÄ·üí·ûì·ûª·ûÑ,MMO KH Buy And Sell Account Page,UserStatusRecently,All
20,cletustippingrtXQC396,Jeremy,MMO KH Buy And Sell Account Page,UserStatusRecently,All
21,mqrdad_73eizrnhbib,·ûÄ·üí·û†,MMO KH Buy And Sell Account Page,UserStatusRecently,All
22,ycit_70akwmitwe,oun pich,MMO KH Buy And Sell Account Page,UserStatusRecently,All
23,xwvao_38qawqvrxg,Bro Chhlght,MMO KH Buy And Sell Account Page,UserStatusRecently,All
24,cyrusrodenboughCyEXG873,Faith,MMO KH Buy And Sell Account Page,UserStatusRecently,All
25,franklinkrumbachFVoOn337,Jordan,MMO KH Buy And Sell Account Page,UserStatusRecently,All
26,zlmctfu_72mzcvjr,Gu If,MMO KH Buy And Sell Account Page,UserStatusRecently,All
27,dqxwmr_62fcewgmbwci,People Ok,MMO KH Buy And Sell Account Page,UserStatusRecently,All
28,aud_63ikyvdc,·ûõuggg,MMO KH Buy And Sell Account Page,UserStatusRecently,All
29,alexanderacheJozaF794,Crystal,MMO KH Buy And Sell Account Page,UserStatusRecently,All
30,cdb_lysa,Lysa,MMO KH Buy And Sell Account Page,UserStatusRecently,All
31,raymondlangsethINOpg427,Glen,MMO KH Buy And Sell Account Page,UserStatusRecently,All
32,tenpmyc_79xdvsfihadgy,·û†·üÄ·ûõ·ûá·û∂·ûÄ·û∂·ûö,MMO KH Buy And Sell Account Page,UserStatusRecently,All
33,Lonsophat2008,·ûõ·ûì ·ûü·ûª·ûï·û∂·ûè·üã ·üö Lon SoPhat êôö‚ô°.,MMO KH Buy And Sell Account Page,UserStatusRecently,All
34,Swadhin100,KH. Habibul Hasan,MMO KH Buy And Sell Account Page,UserStatusRecently,All
35,San_Benz10,San,MMO KH Buy And Sell Account Page,UserStatusRecently,All
36,punetDigital168,Punet Service,MMO KH Buy And Sell Account Page,UserStatusRecently,All
37,thimcambo,Siem,MMO KH Buy And Sell Account Page,UserStatusRecently,All
38,domho2004,Ho Odom,MMO KH Buy And Sell Account Page,UserStatusRecently,All
39,SHServiceSmm,sh-service.asia,MMO KH Buy And Sell Account Page,UserStatusRecently,All
40,qingqing1864,Qing,MMO KH Buy And Sell Account Page,UserStatusRecently,All
41,Lansa9324,LAN,MMO KH Buy And Sell Account Page,UserStatusRecently,All
42,eiimey9550,Eii,MMO KH Buy And Sell Account Page,UserStatusRecently,All
43,mooyong913,Moo,MMO KH Buy And Sell Account Page,UserStatusRecently,All
44,yumii991,Yumi,MMO KH Buy And Sell Account Page,UserStatusRecently,All
45,suki01097,Su,MMO KH Buy And Sell Account Page,UserStatusRecently,All
46,gechyui918,Gech,MMO KH Buy And Sell Account Page,UserStatusRecently,All
47,sivmey918,Siv,MMO KH Buy And Sell Account Page,UserStatusRecently,All
48,lisa_918,Lisa Fe,MMO KH Buy And Sell Account Page,UserStatusRecently,All
49,zxasmm918,Zxa,MMO KH Buy And Sell Account Page,UserStatusRecently,All
50,leekaa918,Lee,MMO KH Buy And Sell Account Page,UserStatusRecently,All
51,jineii918,Jin,MMO KH Buy And Sell Account Page,UserStatusRecently,All
52,meysang918,Mey,MMO KH Buy And Sell Account Page,UserStatusRecently,All
53,pichleakhena918,Pich,MMO KH Buy And Sell Account Page,UserStatusRecently,All
54,xingqq918,Xing,MMO KH Buy And Sell Account Page,UserStatusRecently,All
55,riyarong918,Riya,MMO KH Buy And Sell Account Page,UserStatusRecently,All
56,moosxa918,Moo,MMO KH Buy And Sell Account Page,UserStatusRecently,All
57,tapirBuxom,Akobe,MMO KH Buy And Sell Account Page,UserStatusRecently,All
58,ownerimzzy,Boss Dz,MMO KH Buy And Sell Account Page,UserStatusRecently,All
59,tevda_yi,Tianyi,MMO KH Buy And Sell Account Page,UserStatusRecently,All
60,hvgt_ygyv,Melee,MMO KH Buy And Sell Account Page,UserStatusRecently,All
61,cd_kelly,CD,MMO KH Buy And Sell Account Page,UserStatusRecently,All
62,raksmeysokhavenghong,·ûö·ûü·üí·ûò·û∏·ûü·ûª·ûÅ·û∂,MMO KH Buy And Sell Account Page,UserStatusRecently,All
63,Truong_agc888,Tr∆∞·ªùng Agency,MMO KH Buy And Sell Account Page,UserStatusRecently,All
64,lindadavis_dream,Linda,MMO KH Buy And Sell Account Page,UserStatusRecently,All
65,jamesmiller_play,James,MMO KH Buy And Sell Account Page,UserStatusRecently,All
66,mike_williams99,Michael,MMO KH Buy And Sell Account Page,UserStatusRecently,All
67,bnm999999999,John,MMO KH Buy And Sell Account Page,UserStatusRecently,All
68,Phara092,khov,MMO KH Buy And Sell Account Page,UserStatusRecently,All
69,camboodevuu,SMSNEW,MMO KH Buy And Sell Account Page,UserStatusRecently,All
70,Hokheng2026,Hok,MMO KH Buy And Sell Account Page,UserStatusRecently,All
71,smm_Admin_Support_all_Web,Admin Support,MMO KH Buy And Sell Account Page,UserStatusRecently,All
72,vanlina168,Kim L√ø√ø,MMO KH Buy And Sell Account Page,UserStatusRecently,All
73,,Aaron,MMO KH Buy And Sell Account Page,UserStatusRecently,All
74,lylyta1234,·û¢·ûì·û∂·ûÇ·ûè·ûî·üí·ûä·û∏·ûò·ûª·û∏·û°·üÅ·ûÑ,MMO KH Buy And Sell Account Page,UserStatusRecently,All
75,jenney192,Muhammad,MMO KH Buy And Sell Account Page,UserStatusRecently,All
76,Romastro9,PHEA,MMO KH Buy And Sell Account Page,UserStatusRecently,All
77,KhounChenny9999,·ûÉ·ûΩ·ûì,MMO KH Buy And Sell Account Page,UserStatusRecently,All
78,Daniel_X69,Vyrix..,MMO KH Buy And Sell Account Page,UserStatusRecently,All
79,mrnit19,HOR,MMO KH Buy And Sell Account Page,UserStatusRecently,All
80,,Cao Thi Phuong Huyen,MMO KH Buy And Sell Account Page,UserStatusLastWeek,All
81,,Chu Thi To Linh,MMO KH Buy And Sell Account Page,UserStatusLastWeek,All
82,,Chu To Tinh,MMO KH Buy And Sell Account Page,UserStatusLastMonth,All
83,,Bui Hung Truc,MMO KH Buy And Sell Account Page,UserStatusLastMonth,All
84,absolutezz,LCH,MMO KH Buy And Sell Account Page,UserStatusLastMonth,All
85,,Cao Tien Khiem,MMO KH Buy And Sell Account Page,UserStatusLastMonth,All
86,,Bui Cao Tuyen,MMO KH Buy And Sell Account Page,UserStatusLastMonth,All
87,,Bui Thanh Duan,MMO KH Buy And Sell Account Page,UserStatusLastMonth,All
88,,Bui Thi Huynh Phi,MMO KH Buy And Sell Account Page,UserStatusLastMonth,All
89,,Bui Kim Giac,MMO KH Buy And Sell Account Page,UserStatusLastMonth,All
90,,Chu Huu Du,MMO KH Buy And Sell Account Page,UserStatusLastMonth,All
91,,Chu Tien Mau,MMO KH Buy And Sell Account Page,UserStatusLastMonth,All
92,,Bui That Sy,MMO KH Buy And Sell Account Page,UserStatusLastMonth,All
93,,Chung Kim Xuyen,MMO KH Buy And Sell Account Page,UserStatusLastMonth,All
94,,Chu Thi Bach Cong,MMO KH Buy And Sell Account Page,UserStatusLastMonth,All
95,,Bui Huu Nhi,MMO KH Buy And Sell Account Page,UserStatusLastMonth,All
96,,Bui Hien Tanh,MMO KH Buy And Sell Account Page,UserStatusLastMonth,All
97,tranhuynhhoaboutique,Qu·ª≥nh Hoa Tr·∫ßn,MMO KH Buy And Sell Account Page,UserStatusLastMonth,All
98,,Bui Thi Luan,MMO KH Buy And Sell Account Page,UserStatusLastMonth,All
99,,Bui Thi Chi Xuyen,MMO KH Buy And Sell Account Page,UserStatusLastMonth,All
100,,Chu Van Quy,MMO KH Buy And Sell Account Page,UserStatusLastMonth,All
101,,Chu Minh Ngu,MMO KH Buy And Sell Account Page,UserStatusLastMonth,All
102,,Cao Thi Huynh Hoai,MMO KH Buy And Sell Account Page,UserStatusLastMonth,All
103,,Bui Thanh Xi,MMO KH Buy And Sell Account Page,UserStatusLastMonth,All
104,,Bui Nang Kiet,MMO KH Buy And Sell Account Page,UserStatusLastMonth,All
105,,Cao Quynh Thu,MMO KH Buy And Sell Account Page,UserStatusLastMonth,All
106,,Chu Dang Yen,MMO KH Buy And Sell Account Page,UserStatusLastMonth,All
107,,Cao Phuoc Khuong,MMO KH Buy And Sell Account Page,UserStatusLastMonth,All
108,,Chung Kieu Ut,MMO KH Buy And Sell Account Page,UserStatusLastMonth,All
109,,Chu Qui Thoi,MMO KH Buy And Sell Account Page,UserStatusLastMonth,All
110,menrotha168,·ûò·üâ·üÇ·ûì,MMO KH Buy And Sell Account Page,UserStatusRecently,All
111,Hdidjjdnd,MR.,MMO KH Buy And Sell Account Page,UserStatusRecently,All
112,Mr_Chhuon168,ùêÇùê°ùê°ùê®ùêûùêÆùê´ùêß ùêÇùê°ùê°ùêÆùê®ùêß‚ú®ùêÅùêÅ_ùêäùêáüá∞üá≠,MMO KH Buy And Sell Account Page,UserStatusRecently,All
113,trung_agc686,Trung,MMO KH Buy And Sell Account Page,UserStatusRecently,All
114,blackcatmmovn,Paypal-,MMO KH Buy And Sell Account Page,UserStatusRecently,All
115,minh_agc,AGC,MMO KH Buy And Sell Account Page,UserStatusRecently,All
116,ahmey129,Ah,MMO KH Buy And Sell Account Page,UserStatusRecently,All
117,S_Sorra,·ûö·üâ·û∂·ûì·üã ·ûò·ûÄ·ûö·û∂-,MMO KH Buy And Sell Account Page,UserStatusRecently,All
118,,Cao Thi Kieu Nghe,MMO KH Buy And Sell Account Page,UserStatusLastMonth,All
119,,Ali,MMO KH Buy And Sell Account Page,UserStatusRecently,All
120,kieuviet,Ki·ªÅu,MMO KH Buy And Sell Account Page,UserStatusRecently,All
121,tolaEc_67,To,MMO KH Buy And Sell Account Page,UserStatusRecently,All
122,toji1685,To,MMO KH Buy And Sell Account Page,UserStatusRecently,All
123,C_CHANNEL21,C_CHANNEL,MMO KH Buy And Sell Account Page,UserStatusRecently,All
124,Bossdzzzz,Dz Premium | Support (7:00AM - 12:30PM),MMO KH Buy And Sell Account Page,UserStatusRecently,All
125,Aneeskhan108,Buying,MMO KH Buy And Sell Account Page,UserStatusLastWeek,All
126,romeo_pich,Romeo,MMO KH Buy And Sell Account Page,UserStatusRecently,All
127,Lanh_agc888,Lanh_Agc888,MMO KH Buy And Sell Account Page,UserStatusRecently,All
128,Billable_1932,Annitra,MMO KH Buy And Sell Account Page,UserStatusLastMonth,All
129,Huevu_agc,Huev,MMO KH Buy And Sell Account Page,UserStatusRecently,All
130,lucretiafarmsworthkEcvx561,Bianca,MMO KH Buy And Sell Account Page,UserStatusRecently,All
131,lizaliza918,Liza,MMO KH Buy And Sell Account Page,UserStatusLastMonth,All
132,hengsmm,I'm,MMO KH Buy And Sell Account Page,UserStatusRecently,All
133,,Reach,MMO KH Buy And Sell Account Page,UserStatusLastMonth,All
134,phal_vicheka,Phal,MMO KH Buy And Sell Account Page,UserStatusRecently,All
135,kong0083,Z+855884508823,MMO KH Buy And Sell Account Page,UserStatusLastMonth,All
136,udieiekx,Z+855884262961,MMO KH Buy And Sell Account Page,UserStatusLastMonth,All
137,ndjeiefjdix,Z+855884261953,MMO KH Buy And Sell Account Page,UserStatusLastMonth,All
138,Babarazam76,Babar,MMO KH Buy And Sell Account Page,UserStatusLastMonth,All
139,pichthearaIT,PICH,MMO KH Buy And Sell Account Page,UserStatusRecently,All
140,ingcute918,Ing,MMO KH Buy And Sell Account Page,UserStatusRecently,All
141,liner917,Lin,MMO KH Buy And Sell Account Page,UserStatusLastMonth,All
142,pinpin918,Pin,MMO KH Buy And Sell Account Page,UserStatusLastMonth,All
143,yulang913,Yu,MMO KH Buy And Sell Account Page,UserStatusLastMonth,All
144,emiko0981,Emi,MMO KH Buy And Sell Account Page,UserStatusLastMonth,All
145,sisadmin17,Sis Admin,MMO KH Buy And Sell Account Page,UserStatusRecently,All
146,horx22,Sreng,MMO KH Buy And Sell Account Page,UserStatusRecently,All
147,Moeunbon,Moeun Bon,MMO KH Buy And Sell Account Page,UserStatusLastMonth,All
148,minh_agc1,AGC,MMO KH Buy And Sell Account Page,UserStatusLastMonth,All
149,tounpich,·ûë·ûì·üã ·ûñ·üÅ·ûá·üí·ûö ·ûõ·ûÄ·üã·ûï·üÅ·ûÄ ·ûÅ·üí·ûò·üÇ·ûö,MMO KH Buy And Sell Account Page,UserStatusRecently,All
150,vhsupport,VH,MMO KH Buy And Sell Account Page,UserStatusLastMonth,All
151,men_sokha168,Sokha,MMO KH Buy And Sell Account Page,UserStatusRecently,All
152,leak9642,üçÉ,MMO KH Buy And Sell Account Page,UserStatusRecently,All
153,,ü¶•BOVIDARAü¶•,MMO KH Buy And Sell Account Page,UserStatusRecently,All
154,MKPET168,Mkk Riel,MMO KH Buy And Sell Account Page,UserStatusRecently,All
155,,,MMO KH Buy And Sell Account Page,offline,All
156,Oukdom_Huon,OUKDOM HUON,MMO KH Buy And Sell Account Page,UserStatusRecently,All
157,,,MMO KH Buy And Sell Account Page,offline,All
158,Phillip_60hllP,Scheffers,MMO KH Buy And Sell Account Page,offline,All
159,,,MMO KH Buy And Sell Account Page,offline,All
160,Jacqueline_50iccl,Khrissy,MMO KH Buy And Sell Account Page,offline,All
161,,,MMO KH Buy And Sell Account Page,offline,All
162,,,MMO KH Buy And Sell Account Page,offline,All
163,,,MMO KH Buy And Sell Account Page,offline,All
164,,,MMO KH Buy And Sell Account Page,offline,All
165,,,MMO KH Buy And Sell Account Page,offline,All
166,,,MMO KH Buy And Sell Account Page,offline,All
167,,,MMO KH Buy And Sell Account Page,offline,All
168,,,MMO KH Buy And Sell Account Page,offline,All
169,Larry_32rrrr,Asha,MMO KH Buy And Sell Account Page,offline,All
170,,,MMO KH Buy And Sell Account Page,offline,All
171,,,MMO KH Buy And Sell Account Page,offline,All
172,,,MMO KH Buy And Sell Account Page,offline,All
173,,,MMO KH Buy And Sell Account Page,offline,All
174,,,MMO KH Buy And Sell Account Page,offline,All
175,,,MMO KH Buy And Sell Account Page,offline,All
176,Brandi_43rd,Carolina,MMO KH Buy And Sell Account Page,offline,All
177,,,MMO KH Buy And Sell Account Page,offline,All
178,,,MMO KH Buy And Sell Account Page,offline,All
179,,,MMO KH Buy And Sell Account Page,offline,All
180,,,MMO KH Buy And Sell Account Page,offline,All
181,,,MMO KH Buy And Sell Account Page,offline,All
182,,,MMO KH Buy And Sell Account Page,offline,All
183,Patricia_23Piai,Thamer,MMO KH Buy And Sell Account Page,offline,All
184,Bruce_54eBu,Jincheng,MMO KH Buy And Sell Account Page,offline,All
185,,,MMO KH Buy And Sell Account Page,offline,All
186,,,MMO KH Buy And Sell Account Page,offline,All
187,Theayuth888,Path,MMO KH Buy And Sell Account Page,UserStatusRecently,All
188,,,MMO KH Buy And Sell Account Page,offline,All
189,,,MMO KH Buy And Sell Account Page,offline,All
190,,,MMO KH Buy And Sell Account Page,offline,All
191,,,MMO KH Buy And Sell Account Page,offline,All
192,,,MMO KH Buy And Sell Account Page,offline,All
193,Jonathan_57onJJ,Shinra |üêçüå±SEEDüêæŒ£ü¶Ü,MMO KH Buy And Sell Account Page,UserStatusLastMonth,All
194,dwsvhn_78tmxekutg,|SEED |üêçüå±SEEDüêæŒ£ü¶Ü,MMO KH Buy And Sell Account Page,UserStatusLastMonth,All
195,thuong_agc68,Tr·ªçng Th∆∞·ª£ng AGC,MMO KH Buy And Sell Account Page,UserStatusRecently,All
196,LynxBu,·ûÜ·ûª·ûì ·ûî·üä·ûª·ûì·ûé·üí·ûé·û∂,MMO KH Buy And Sell Account Page,UserStatusRecently,All
197,GM856577,Ê¢¶ÊÉ≥&ËÖæÈ£û,MMO KH Buy And Sell Account Page,offline,All
198,,,MMO KH Buy And Sell Account Page,offline,All
199,sothearith8822,SotheaRith,MMO KH Buy And Sell Account Page,UserStatusRecently,All
200,TRY_LYVANN_MMO,·ûë·üí·ûö·û∏,MMO KH Buy And Sell Account Page,UserStatusRecently,All
201,,,MMO KH Buy And Sell Account Page,offline,All
202,,,MMO KH Buy And Sell Account Page,offline,All
203,,,MMO KH Buy And Sell Account Page,offline,All
204,,,MMO KH Buy And Sell Account Page,offline,All
205,,,MMO KH Buy And Sell Account Page,offline,All
206,,,MMO KH Buy And Sell Account Page,offline,All
207,,,MMO KH Buy And Sell Account Page,offline,All
208,,,MMO KH Buy And Sell Account Page,offline,All
209,yphr_68duqqbttu,·ûõ·üí·û¢·ûü·ûò·üí·ûö·û∂·ûî·üã·ûü·ûª·ûÅ·ûó·û∂·ûñ,MMO KH Buy And Sell Account Page,UserStatusLastMonth,All
210,,,MMO KH Buy And Sell Account Page,offline,All
211,ggwjbk_65ksognmbstj,·ûé·ûö·ûò·ûó·ûò,MMO KH Buy And Sell Account Page,UserStatusLastMonth,All
212,brgj_64ujwwzxrn,·ûö·ûè·üã·ûò·ûÄ·ûÄ·û∂·ûö·ûÄ·üÜ·ûé·ûè·üã,MMO KH Buy And Sell Account Page,UserStatusLastMonth,All
213,ybac_32sxikjvdybo,·ûò·ûí·üí·ûô·üÑ·ûî·û∂·ûô·ûñ·üí·ûô·û∂·ûî·û∂·ûõ·ûä·üÑ·ûô,MMO KH Buy And Sell Account Page,UserStatusLastMonth,All
214,xkcmmh_49cdtcrqjvgk,·ûé·ûë·üí·û°,MMO KH Buy And Sell Account Page,UserStatusLastMonth,All
215,,,MMO KH Buy And Sell Account Page,offline,All
216,,,MMO KH Buy And Sell Account Page,offline,All
217,kzx_80cfqrlrccmeh,·ûè·ûê·ûó·û∂·ûñ·ûü·ûÑ·üí·ûÇ·ûò·ûÅ·üí·ûò·üÇ·ûö,MMO KH Buy And Sell Account Page,UserStatusLastMonth,All
218,pricm_28dhobnoa,Great How Much Do,MMO KH Buy And Sell Account Page,UserStatusLastMonth,All
219,tbprf_30coarhvcyd,Take A,MMO KH Buy And Sell Account Page,UserStatusLastMonth,All
220,,,MMO KH Buy And Sell Account Page,offline,All
221,iusewegw_62jkiwpv,Administrateur üë®üèª‚Äçüíª,MMO KH Buy And Sell Account Page,UserStatusLastMonth,All
222,gdtgsk_54nvncesxsycvc,Administrateur üë®üèª‚Äçüíª,MMO KH Buy And Sell Account Page,UserStatusLastMonth,All
223,gxwelrc_79rrzuciai,Administrateur üë®üèª‚Äçüíª,MMO KH Buy And Sell Account Page,UserStatusLastMonth,All
224,,,MMO KH Buy And Sell Account Page,offline,All
225,yuexyomb_31ymiqoetagno,THE HAND,MMO KH Buy And Sell Account Page,UserStatusLastMonth,All
226,,,MMO KH Buy And Sell Account Page,offline,All
227,srwm_73qhvibp,Ro Ro,MMO KH Buy And Sell Account Page,UserStatusLastMonth,All
228,dkpiqwc_54kqgazmq,But It's Not,MMO KH Buy And Sell Account Page,UserStatusLastMonth,All
229,,,MMO KH Buy And Sell Account Page,offline,All
230,chheandigitaltgapp_74dtai,chheandigitaltgapp,MMO KH Buy And Sell Account Page,UserStatusLastMonth,All
231,qufofxh_65pvpuephdm,Rin Na,MMO KH Buy And Sell Account Page,UserStatusLastMonth,All
232,ufiiwlss_58prkcha,·ûë·ûª·üÜ·ûê·ûª,MMO KH Buy And Sell Account Page,UserStatusLastMonth,All
233,,,MMO KH Buy And Sell Account Page,offline,All
234,,,MMO KH Buy And Sell Account Page,offline,All
235,iyzybj_44adiqlalucl,Sen,MMO KH Buy And Sell Account Page,offline,All
236,fejc_56kvppnjctjo,Sa Dom,MMO KH Buy And Sell Account Page,UserStatusLastMonth,All
237,rewsg_32lygdkg,Ra Vith,MMO KH Buy And Sell Account Page,UserStatusLastMonth,All
238,Hea_24Hee,Hea,MMO KH Buy And Sell Account Page,UserStatusLastMonth,All
239,Teng_60eT,Teng,MMO KH Buy And Sell Account Page,UserStatusLastMonth,All
240,Love_32Lvvo,Love,MMO KH Buy And Sell Account Page,UserStatusLastMonth,All
241,Da_58DDD,Da,MMO KH Buy And Sell Account Page,UserStatusLastMonth,All
242,LAy_77yy,LAy,MMO KH Buy And Sell Account Page,UserStatusLastMonth,All
243,Wen_20ne,Wen,MMO KH Buy And Sell Account Page,UserStatusLastMonth,All
244,Khom_29Khm,Khom,MMO KH Buy And Sell Account Page,UserStatusLastMonth,All
245,Tiny_41TT,Tiny,MMO KH Buy And Sell Account Page,UserStatusLastMonth,All
246,Meng_67Meg,Meng,MMO KH Buy And Sell Account Page,UserStatusLastMonth,All
247,,,MMO KH Buy And Sell Account Page,offline,All
248,,,MMO KH Buy And Sell Account Page,offline,All
249,lee_60le,Brady,MMO KH Buy And Sell Account Page,UserStatusLastWeek,All
250,,,MMO KH Buy And Sell Account Page,offline,All
251,Nen_69enee,Nen,MMO KH Buy And Sell Account Page,UserStatusLastMonth,All
252,Mano_20Mn,Mano,MMO KH Buy And Sell Account Page,UserStatusLastMonth,All
253,Seng_49SeSn,Seng,MMO KH Buy And Sell Account Page,UserStatusLastMonth,All
254,,,MMO KH Buy And Sell Account Page,offline,All
255,,,MMO KH Buy And Sell Account Page,offline,All
256,,,MMO KH Buy And Sell Account Page,offline,All
257,Fer_43Fe,Fer,MMO KH Buy And Sell Account Page,UserStatusLastMonth,All
258,Fong_28oog,Fong,MMO KH Buy And Sell Account Page,UserStatusLastMonth,All
259,Oun_80uun,Oun,MMO KH Buy And Sell Account Page,UserStatusLastMonth,All
260,,,MMO KH Buy And Sell Account Page,offline,All
261,,,MMO KH Buy And Sell Account Page,offline,All
262,,,MMO KH Buy And Sell Account Page,offline,All
263,Angel_63elgA,Angel,MMO KH Buy And Sell Account Page,UserStatusLastMonth,All
264,Madison_44si,Ashley,MMO KH Buy And Sell Account Page,UserStatusLastMonth,All
265,normanpodolskykipST366,Earl,MMO KH Buy And Sell Account Page,UserStatusLastMonth,All
266,,,MMO KH Buy And Sell Account Page,offline,All
267,jeddiflorioJZxfn404,Phyllis,MMO KH Buy And Sell Account Page,UserStatusLastMonth,All
268,jacqualinebroomelleoCpT573,Diana,MMO KH Buy And Sell Account Page,UserStatusLastMonth,All
269,,,MMO KH Buy And Sell Account Page,offline,All
270,ashapetzoldtMDpQq206,Jeffrey,MMO KH Buy And Sell Account Page,UserStatusLastMonth,All
271,,,MMO KH Buy And Sell Account Page,offline,All
272,,,MMO KH Buy And Sell Account Page,offline,All
273,sorayasamainvxMOh806,Randy,MMO KH Buy And Sell Account Page,UserStatusLastMonth,All
274,alishiaandelmanTiqAj525,Tyler,MMO KH Buy And Sell Account Page,UserStatusLastMonth,All
275,,,MMO KH Buy And Sell Account Page,offline,All
276,,,MMO KH Buy And Sell Account Page,offline,All
277,carolashrafxtlAW721,Logan,MMO KH Buy And Sell Account Page,UserStatusLastMonth,All
278,,,MMO KH Buy And Sell Account Page,offline,All
279,benreaollanoMtkpu279,Shaun,MMO KH Buy And Sell Account Page,UserStatusLastMonth,All
280,,,MMO KH Buy And Sell Account Page,offline,All
281,carolinasturdevantctXTv781,Johnny,MMO KH Buy And Sell Account Page,UserStatusLastMonth,All
282,,,MMO KH Buy And Sell Account Page,offline,All
283,emilhackenmillerlDuCH610,Joy,MMO KH Buy And Sell Account Page,UserStatusLastMonth,All
284,,,MMO KH Buy And Sell Account Page,offline,All
285,milanteajctoa603,Brent,MMO KH Buy And Sell Account Page,UserStatusLastMonth,All
286,mikahettesRprdS872,Diana,MMO KH Buy And Sell Account Page,UserStatusLastMonth,All
287,,,MMO KH Buy And Sell Account Page,offline,All
288,,,MMO KH Buy And Sell Account Page,offline,All
289,juancofonerfZUk816,Leslie,MMO KH Buy And Sell Account Page,UserStatusLastMonth,All
290,,,MMO KH Buy And Sell Account Page,offline,All
291,lonrementergfktQ639,Alec,MMO KH Buy And Sell Account Page,UserStatusLastMonth,All
292,jimhumDWKOL923,Dean,MMO KH Buy And Sell Account Page,UserStatusLastMonth,All
293,,,MMO KH Buy And Sell Account Page,offline,All
294,,,MMO KH Buy And Sell Account Page,offline,All
295,,,MMO KH Buy And Sell Account Page,offline,All
296,jerroldodumslhXre625,Donald,MMO KH Buy And Sell Account Page,UserStatusLastMonth,All
297,shaynehaiQQpKS590,Whitney,MMO KH Buy And Sell Account Page,UserStatusLastMonth,All
298,carrollkucanEKGYv741,Tony,MMO KH Buy And Sell Account Page,UserStatusLastMonth,All
299,,,MMO KH Buy And Sell Account Page,offline,All
300,,,MMO KH Buy And Sell Account Page,offline,All
301,pearliediscenzatmePW753,Sandra,MMO KH Buy And Sell Account Page,UserStatusLastMonth,All
302,,,MMO KH Buy And Sell Account Page,offline,All
303,calandragansqHVFA417,Shelby,MMO KH Buy And Sell Account Page,UserStatusLastMonth,All
304,,,MMO KH Buy And Sell Account Page,offline,All
305,maryannahanschVSFSB388,Taylor,MMO KH Buy And Sell Account Page,UserStatusLastMonth,All
306,vitosheekeyPmAbs444,Bradley,MMO KH Buy And Sell Account Page,UserStatusLastMonth,All
307,,,MMO KH Buy And Sell Account Page,offline,All
308,nathanialberkeyYsdpd422,Kelly,MMO KH Buy And Sell Account Page,UserStatusLastMonth,All
309,,,MMO KH Buy And Sell Account Page,offline,All
310,,,MMO KH Buy And Sell Account Page,offline,All
311,georgiannatuawTdAU503,Damon,MMO KH Buy And Sell Account Page,UserStatusLastMonth,All
312,alexiswoganhTBtm366,Jodi,MMO KH Buy And Sell Account Page,UserStatusLastMonth,All
313,,,MMO KH Buy And Sell Account Page,offline,All
314,,,MMO KH Buy And Sell Account Page,offline,All
315,laurencekarvispDHgs652,Hector,MMO KH Buy And Sell Account Page,UserStatusLastMonth,All
316,clevelandcarmonyvzuHu446,Tristan,MMO KH Buy And Sell Account Page,UserStatusLastMonth,All
317,brigidpellerinJFpCh612,Kathy,MMO KH Buy And Sell Account Page,UserStatusLastMonth,All
318,fredhollinsworthsztCZ663,Kevin,MMO KH Buy And Sell Account Page,UserStatusLastMonth,All
319,lavonnemacholUUWwC918,Marvin,MMO KH Buy And Sell Account Page,UserStatusLastMonth,All
320,,,MMO KH Buy And Sell Account Page,offline,All
321,laalaa012,Chhean,MMO KH Buy And Sell Account Page,UserStatusRecently,All
322,jessicagarcia_12,Jessica,MMO KH Buy And Sell Account Page,UserStatusRecently,All
323,GaoMeo,·ûü·û∂·ûì·üã,MMO KH Buy And Sell Account Page,UserStatusRecently,All
324,,Cao To Nguyet,MMO KH Buy And Sell Account Page,offline,All
325,qwqwwqw1,Nguy·ªÖn H·∫°nh,MMO KH Buy And Sell Account Page,UserStatusLastMonth,All
326,khoeunpheakdeyceoltd,KHOEUN PHEAKDEY,MMO KH Buy And Sell Account Page,UserStatusRecently,All
327,bro_seyha168,Bro,MMO KH Buy And Sell Account Page,UserStatusRecently,All
328,,,MMO KH Buy And Sell Account Page,offline,All
329,,,MMO KH Buy And Sell Account Page,offline,All
330,moookoe,Sok Panha,MMO KH Buy And Sell Account Page,UserStatusRecently,All
331,,Cao Thi Tuy Toi,MMO KH Buy And Sell Account Page,offline,All
332,itmesalll,·ûü·û∂·ûõ - Salz,MMO KH Buy And Sell Account Page,UserStatusRecently,All
333,,–ê–ª–µ–∫—Å–∞–Ω–¥—Ä–∞,MMO KH Buy And Sell Account Page,offline,All
334,,·ûú·ûé·üí·ûé ·ûä·üÅ·ûè,MMO KH Buy And Sell Account Page,UserStatusRecently,All
335,,Cao Thi Ai Hai,MMO KH Buy And Sell Account Page,offline,All
336,,K1nG ShArK,MMO KH Buy And Sell Account Page,offline,All
337,sotheayet,·ûü·ûª·ûí·û∂,MMO KH Buy And Sell Account Page,UserStatusRecently,All
338,emjk_43lodgeszwvovg,Bd Cc Fgehehw Had gwgehkh Shaken thrf Frrrt,MMO KH Buy And Sell Account Page,offline,All
339,aaspb_36ntwtsxuy,H,MMO KH Buy And Sell Account Page,offline,All
340,Vb_45bbVb,Vb,MMO KH Buy And Sell Account Page,offline,All
341,vgtttej_25871,Helen,MMO KH Buy And Sell Account Page,UserStatusLastMonth,All
342,mabioboy,T,MMO KH Buy And Sell Account Page,UserStatusRecently,All
343,,,MMO KH Buy And Sell Account Page,offline,All
344,,,MMO KH Buy And Sell Account Page,offline,All
345,,,MMO KH Buy And Sell Account Page,offline,All
346,,,MMO KH Buy And Sell Account Page,offline,All
347,,,MMO KH Buy And Sell Account Page,offline,All
348,,,MMO KH Buy And Sell Account Page,offline,All
349,,,MMO KH Buy And Sell Account Page,offline,All
350,,,MMO KH Buy And Sell Account Page,offline,All
351,,,MMO KH Buy And Sell Account Page,offline,All
352,,,MMO KH Buy And Sell Account Page,offline,All
353,,,MMO KH Buy And Sell Account Page,offline,All
354,pusvet01,Chet,MMO KH Buy And Sell Account Page,UserStatusRecently,All
355,mrrdaa089,.,MMO KH Buy And Sell Account Page,UserStatusRecently,All
356,tinbigdoqx,Tin,MMO KH Buy And Sell Account Page,UserStatusRecently,All
357,Sengsokva,Seng,MMO KH Buy And Sell Account Page,UserStatusLastWeek,All
358,sokchea_siv,CHEA,MMO KH Buy And Sell Account Page,UserStatusRecently,All
359,Camila1969,Camila,MMO KH Buy And Sell Account Page,UserStatusRecently,All
360,Hakk2005,·û†·üÉ,MMO KH Buy And Sell Account Page,UserStatusRecently,All
361,jakviewss,Êü¨ÂüîÂØ® ~ Support,MMO KH Buy And Sell Account Page,UserStatusRecently,All
362,,,MMO KH Buy And Sell Account Page,offline,All
363,Chea_sovanna,Admin Sovanna·üöüá∞üá≠,MMO KH Buy And Sell Account Page,UserStatusRecently,All
364,BoMaddison,SAMBO,MMO KH Buy And Sell Account Page,UserStatusRecently,All
365,monittaa007,Chea Sovannary,MMO KH Buy And Sell Account Page,UserStatusLastMonth,All
366,Pastteaw,Chak Pheakdei,MMO KH Buy And Sell Account Page,UserStatusLastMonth,All
367,EMASw1,Ouch Sorya,MMO KH Buy And Sell Account Page,UserStatusLastWeek,All
368,Janet9889,–ê–¥–µ–ª–∏–Ω–∞,MMO KH Buy And Sell Account Page,UserStatusRecently,All
369,hingsocheat2021gmailcom,SOVONG,MMO KH Buy And Sell Account Page,UserStatusRecently,All
370,SereyvuthAn,Sereyvuth,MMO KH Buy And Sell Account Page,UserStatusRecently,All
371,ChivornDigital,Chivorn,MMO KH Buy And Sell Account Page,UserStatusRecently,All
372,davidjones_btc,David,MMO KH Buy And Sell Account Page,UserStatusRecently,All
373,,,MMO KH Buy And Sell Account Page,offline,All
374,Fggfdgbb,Sang Sok,MMO KH Buy And Sell Account Page,offline,All
375,,,MMO KH Buy And Sell Account Page,offline,All
376,Charlesada,Tep Maly,MMO KH Buy And Sell Account Page,UserStatusLastMonth,All
377,,,MMO KH Buy And Sell Account Page,offline,All
378,,,MMO KH Buy And Sell Account Page,offline,All
379,,,MMO KH Buy And Sell Account Page,offline,All
380,,Chung Hien Tien,MMO KH Buy And Sell Account Page,offline,All
381,sarahbrown_official,Sarah,MMO KH Buy And Sell Account Page,UserStatusRecently,All
382,good_luck_168,Meun,MMO KH Buy And Sell Account Page,UserStatusRecently,All
383,,–ê–º–µ–ª–∏—è,MMO KH Buy And Sell Account Page,offline,All
384,sellaccountregfullinfo,·ûõ·ûÄ·üã·û¢·û∂·ûÅ·üÑ·ûì,MMO KH Buy And Sell Account Page,UserStatusRecently,All
385,,,MMO KH Buy And Sell Account Page,offline,All
386,,Tha,MMO KH Buy And Sell Account Page,UserStatusRecently,All
387,,,MMO KH Buy And Sell Account Page,offline,All
388,minh_agc2,AGC,MMO KH Buy And Sell Account Page,UserStatusLastMonth,All
389,TECHLEANGHENG,·ûè·û∑·ûÖ,MMO KH Buy And Sell Account Page,UserStatusRecently,All
390,efowisb_31wmfpuus,·Äá·ÄΩ·Ä≤·Äë·ÄÄ·Ä∫,MMO KH Buy And Sell Account Page,offline,All
391,Sun_30uuS,Sun,MMO KH Buy And Sell Account Page,offline,All
392,Ary_55yA,Ary,MMO KH Buy And Sell Account Page,offline,All
393,Lun_80uL,Lun,MMO KH Buy And Sell Account Page,offline,All
394,Kas_25saa,Kas,MMO KH Buy And Sell Account Page,offline,All
395,Oun_79uun,Oun,MMO KH Buy And Sell Account Page,offline,All
396,Rea_70eReR,Rea,MMO KH Buy And Sell Account Page,offline,All
397,Soa_36Soo,Soa,MMO KH Buy And Sell Account Page,offline,All
398,Soa_22oSaS,Soa,MMO KH Buy And Sell Account Page,offline,All
399,hour123789,·û†·ûΩ·ûö,MMO KH Buy And Sell Account Page,UserStatusLastMonth,All
400,Hhhj09,Mr.POR,MMO KH Buy And Sell Account Page,UserStatusLastMonth,All
401,,,MMO KH Buy And Sell Account Page,offline,All
402,lypinaaa,PINA,MMO KH Buy And Sell Account Page,UserStatusRecently,All
403,fsddasasfsd,Emily,MMO KH Buy And Sell Account Page,UserStatusRecently,All
404,FAFAKH777WIN,ADMIN,MMO KH Buy And Sell Account Page,UserStatusRecently,All
405,vvd8888,ƒê·∫†T,MMO KH Buy And Sell Account Page,UserStatusRecently,All
406,,,MMO KH Buy And Sell Account Page,offline,All
407,,,MMO KH Buy And Sell Account Page,offline,All
408,,,MMO KH Buy And Sell Account Page,offline,All
409,,,MMO KH Buy And Sell Account Page,offline,All
410,,,MMO KH Buy And Sell Account Page,offline,All
411,,,MMO KH Buy And Sell Account Page,offline,All
412,,,MMO KH Buy And Sell Account Page,offline,All
413,,,MMO KH Buy And Sell Account Page,offline,All
414,,,MMO KH Buy And Sell Account Page,offline,All
415,,,MMO KH Buy And Sell Account Page,offline,All
416,,,MMO KH Buy And Sell Account Page,offline,All
417,,,MMO KH Buy And Sell Account Page,offline,All
418,,,MMO KH Buy And Sell Account Page,offline,All
419,,,MMO KH Buy And Sell Account Page,offline,All
420,,,MMO KH Buy And Sell Account Page,offline,All
421,,,MMO KH Buy And Sell Account Page,offline,All
422,,,MMO KH Buy And Sell Account Page,offline,All
423,,,MMO KH Buy And Sell Account Page,offline,All
424,,,MMO KH Buy And Sell Account Page,offline,All
425,,,MMO KH Buy And Sell Account Page,offline,All
426,,,MMO KH Buy And Sell Account Page,offline,All
427,,,MMO KH Buy And Sell Account Page,offline,All
428,,,MMO KH Buy And Sell Account Page,offline,All
429,,,MMO KH Buy And Sell Account Page,offline,All
430,,,MMO KH Buy And Sell Account Page,offline,All
431,,,MMO KH Buy And Sell Account Page,offline,All
432,,,MMO KH Buy And Sell Account Page,offline,All
433,,,MMO KH Buy And Sell Account Page,offline,All
434,,,MMO KH Buy And Sell Account Page,offline,All
435,,,MMO KH Buy And Sell Account Page,offline,All
436,,,MMO KH Buy And Sell Account Page,offline,All
437,,,MMO KH Buy And Sell Account Page,offline,All
438,,,MMO KH Buy And Sell Account Page,offline,All
439,,,MMO KH Buy And Sell Account Page,offline,All
440,,,MMO KH Buy And Sell Account Page,offline,All
441,,,MMO KH Buy And Sell Account Page,offline,All
442,,,MMO KH Buy And Sell Account Page,offline,All
443,,,MMO KH Buy And Sell Account Page,offline,All
444,,,MMO KH Buy And Sell Account Page,offline,All
445,,,MMO KH Buy And Sell Account Page,offline,All
446,fmyjrdm_77efmbjagllnry,Ty Sophea,MMO KH Buy And Sell Account Page,UserStatusRecently,All
447,,,MMO KH Buy And Sell Account Page,offline,All
448,,,MMO KH Buy And Sell Account Page,offline,All
449,,,MMO KH Buy And Sell Account Page,offline,All
450,,,MMO KH Buy And Sell Account Page,offline,All
451,,,MMO KH Buy And Sell Account Page,offline,All
452,,,MMO KH Buy And Sell Account Page,offline,All
453,,,MMO KH Buy And Sell Account Page,offline,All
454,,,MMO KH Buy And Sell Account Page,offline,All
455,,,MMO KH Buy And Sell Account Page,offline,All
456,,,MMO KH Buy And Sell Account Page,offline,All
457,,,MMO KH Buy And Sell Account Page,offline,All
458,,,MMO KH Buy And Sell Account Page,offline,All
459,,Bui Nang Su,MMO KH Buy And Sell Account Page,UserStatusLastMonth,All
460,,Bui Cong Su,MMO KH Buy And Sell Account Page,UserStatusLastMonth,All
461,MrrSreang,Toch Meng Sreang,MMO KH Buy And Sell Account Page,UserStatusRecently,All
462,,,MMO KH Buy And Sell Account Page,offline,All
463,keman_agc666,keman_agc666,MMO KH Buy And Sell Account Page,UserStatusLastMonth,All
464,molsreyrey168,üéÄ MOL,MMO KH Buy And Sell Account Page,offline,All
465,HAKENGTRY,·û†·û∂·ûÄ·üã·û¢·üÅ·ûÑ,MMO KH Buy And Sell Account Page,UserStatusRecently,All
466,Xiaokai022,Yang,MMO KH Buy And Sell Account Page,offline,All
467,,,MMO KH Buy And Sell Account Page,offline,All
468,,Theana Hov,MMO KH Buy And Sell Account Page,offline,All
469,vorn_vi_tou,Vorn,MMO KH Buy And Sell Account Page,UserStatusRecently,All
470,Yukly12,LY,MMO KH Buy And Sell Account Page,UserStatusRecently,All
471,,,MMO KH Buy And Sell Account Page,offline,All
472,giiyung955,Gii,MMO KH Buy And Sell Account Page,UserStatusRecently,All
473,FangFang965,Fang,MMO KH Buy And Sell Account Page,UserStatusRecently,All
474,ChenChanna168,Chen,MMO KH Buy And Sell Account Page,UserStatusRecently,All
475,realpiseth,Pi Seth,MMO KH Buy And Sell Account Page,UserStatusRecently,All
476,muoitran,M∆∞·ªùi,MMO KH Buy And Sell Account Page,UserStatusRecently,All
477,,,MMO KH Buy And Sell Account Page,offline,All
478,nann3132,Nann kh,MMO KH Buy And Sell Account Page,UserStatusRecently,All
479,diamond_media88,Diamond,MMO KH Buy And Sell Account Page,UserStatusLastMonth,All
480,hat8686,Mr Ken,MMO KH Buy And Sell Account Page,UserStatusRecently,All
481,,,MMO KH Buy And Sell Account Page,offline,All
482,,,MMO KH Buy And Sell Account Page,offline,All
483,Clarence_69lCl,Ernest,MMO KH Buy And Sell Account Page,offline,All
484,,,MMO KH Buy And Sell Account Page,offline,All
485,,,MMO KH Buy And Sell Account Page,offline,All
486,killmedie,KO,MMO KH Buy And Sell Account Page,UserStatusLastWeek,All
487,,,MMO KH Buy And Sell Account Page,offline,All
488,Eva_30EEEE,–ï–≤–∞,MMO KH Buy And Sell Account Page,offline,All
489,krauchbona,Krauch,MMO KH Buy And Sell Account Page,UserStatusRecently,All
490,,,MMO KH Buy And Sell Account Page,offline,All
491,lanhagency1,lanhagency1,MMO KH Buy And Sell Account Page,offline,All
492,oeunchanroeun,Oeun Chan Roeun,MMO KH Buy And Sell Account Page,UserStatusRecently,All
493,,,MMO KH Buy And Sell Account Page,offline,All
494,,,MMO KH Buy And Sell Account Page,offline,All
495,Travis_46svv,Edwin,MMO KH Buy And Sell Account Page,offline,All
496,Alina_23iAin,Troy,MMO KH Buy And Sell Account Page,offline,All
497,Ulia_49UUla,Jackie,MMO KH Buy And Sell Account Page,offline,All
498,,,MMO KH Buy And Sell Account Page,offline,All
499,,,MMO KH Buy And Sell Account Page,offline,All
500,TRYLYVANN_976,TRY,MMO KH Buy And Sell Account Page,UserStatusRecently,All
501,,,MMO KH Buy And Sell Account Page,offline,All
502,Taylor_28oar,Keith,MMO KH Buy And Sell Account Page,offline,All
503,Ytsadsj,Yu,MMO KH Buy And Sell Account Page,UserStatusRecently,All
504,Svewlana_KA,Svetlana,MMO KH Buy And Sell Account Page,UserStatusRecently,All
505,reoisgt_49acdahwosebym,Shirley,MMO KH Buy And Sell Account Page,offline,All
506,Tonya_32TTa,Mariah,MMO KH Buy And Sell Account Page,offline,All
507,Chase_25ahhC,Rodney,MMO KH Buy And Sell Account Page,offline,All
508,,,MMO KH Buy And Sell Account Page,offline,All
509,,,MMO KH Buy And Sell Account Page,offline,All
510,,,MMO KH Buy And Sell Account Page,offline,All
511,,,MMO KH Buy And Sell Account Page,offline,All
512,,,MMO KH Buy And Sell Account Page,offline,All
513,,,MMO KH Buy And Sell Account Page,offline,All
514,,,MMO KH Buy And Sell Account Page,offline,All
515,,,MMO KH Buy And Sell Account Page,offline,All
516,,,MMO KH Buy And Sell Account Page,offline,All
517,,,MMO KH Buy And Sell Account Page,offline,All
518,,,MMO KH Buy And Sell Account Page,offline,All
519,,,MMO KH Buy And Sell Account Page,offline,All
520,,,MMO KH Buy And Sell Account Page,offline,All
521,,,MMO KH Buy And Sell Account Page,offline,All
522,,,MMO KH Buy And Sell Account Page,offline,All
523,,,MMO KH Buy And Sell Account Page,offline,All
524,,,MMO KH Buy And Sell Account Page,offline,All
525,,,MMO KH Buy And Sell Account Page,offline,All
526,,,MMO KH Buy And Sell Account Page,offline,All
527,,,MMO KH Buy And Sell Account Page,offline,All
528,,,MMO KH Buy And Sell Account Page,offline,All
529,,,MMO KH Buy And Sell Account Page,offline,All
530,,,MMO KH Buy And Sell Account Page,offline,All
531,,,MMO KH Buy And Sell Account Page,offline,All
532,,,MMO KH Buy And Sell Account Page,offline,All
533,,,MMO KH Buy And Sell Account Page,offline,All
534,,,MMO KH Buy And Sell Account Page,offline,All
535,,,MMO KH Buy And Sell Account Page,offline,All
536,,,MMO KH Buy And Sell Account Page,offline,All
537,,,MMO KH Buy And Sell Account Page,offline,All
538,,,MMO KH Buy And Sell Account Page,offline,All
539,,,MMO KH Buy And Sell Account Page,offline,All
540,,,MMO KH Buy And Sell Account Page,offline,All
541,,,MMO KH Buy And Sell Account Page,offline,All
542,,,MMO KH Buy And Sell Account Page,offline,All
543,,,MMO KH Buy And Sell Account Page,offline,All
544,,,MMO KH Buy And Sell Account Page,offline,All
545,,,MMO KH Buy And Sell Account Page,offline,All
546,,,MMO KH Buy And Sell Account Page,offline,All
547,,,MMO KH Buy And Sell Account Page,offline,All
548,,,MMO KH Buy And Sell Account Page,offline,All
549,,,MMO KH Buy And Sell Account Page,offline,All
550,,,MMO KH Buy And Sell Account Page,offline,All
551,,,MMO KH Buy And Sell Account Page,offline,All
552,,,MMO KH Buy And Sell Account Page,offline,All
553,,,MMO KH Buy And Sell Account Page,offline,All
554,,,MMO KH Buy And Sell Account Page,offline,All
555,,,MMO KH Buy And Sell Account Page,offline,All
556,,,MMO KH Buy And Sell Account Page,offline,All
557,,,MMO KH Buy And Sell Account Page,offline,All
558,,,MMO KH Buy And Sell Account Page,offline,All
559,,,MMO KH Buy And Sell Account Page,offline,All
560,,,MMO KH Buy And Sell Account Page,offline,All
561,,,MMO KH Buy And Sell Account Page,offline,All
562,,,MMO KH Buy And Sell Account Page,offline,All
563,,,MMO KH Buy And Sell Account Page,offline,All
564,,,MMO KH Buy And Sell Account Page,offline,All
565,,,MMO KH Buy And Sell Account Page,offline,All
566,,,MMO KH Buy And Sell Account Page,offline,All
567,,,MMO KH Buy And Sell Account Page,offline,All
568,,,MMO KH Buy And Sell Account Page,offline,All
569,,,MMO KH Buy And Sell Account Page,offline,All
570,,,MMO KH Buy And Sell Account Page,offline,All
571,,,MMO KH Buy And Sell Account Page,offline,All
572,,,MMO KH Buy And Sell Account Page,offline,All
573,,,MMO KH Buy And Sell Account Page,offline,All
574,,,MMO KH Buy And Sell Account Page,offline,All
575,,,MMO KH Buy And Sell Account Page,offline,All
576,,,MMO KH Buy And Sell Account Page,offline,All
577,,,MMO KH Buy And Sell Account Page,offline,All
578,,,MMO KH Buy And Sell Account Page,offline,All
579,,,MMO KH Buy And Sell Account Page,offline,All
580,,,MMO KH Buy And Sell Account Page,offline,All
581,,,MMO KH Buy And Sell Account Page,offline,All
582,,,MMO KH Buy And Sell Account Page,offline,All
583,,,MMO KH Buy And Sell Account Page,offline,All
584,,,MMO KH Buy And Sell Account Page,offline,All
585,,,MMO KH Buy And Sell Account Page,offline,All
586,,,MMO KH Buy And Sell Account Page,offline,All
587,,,MMO KH Buy And Sell Account Page,offline,All
588,,,MMO KH Buy And Sell Account Page,offline,All
589,,,MMO KH Buy And Sell Account Page,offline,All
590,,,MMO KH Buy And Sell Account Page,offline,All
591,,,MMO KH Buy And Sell Account Page,offline,All
592,,,MMO KH Buy And Sell Account Page,offline,All
593,,,MMO KH Buy And Sell Account Page,offline,All
594,,,MMO KH Buy And Sell Account Page,offline,All
595,,,MMO KH Buy And Sell Account Page,offline,All
596,,,MMO KH Buy And Sell Account Page,offline,All
597,,,MMO KH Buy And Sell Account Page,offline,All
598,,,MMO KH Buy And Sell Account Page,offline,All
599,,,MMO KH Buy And Sell Account Page,offline,All
600,,,MMO KH Buy And Sell Account Page,offline,All
601,,,MMO KH Buy And Sell Account Page,offline,All
602,,,MMO KH Buy And Sell Account Page,offline,All
603,,,MMO KH Buy And Sell Account Page,offline,All
604,,,MMO KH Buy And Sell Account Page,offline,All
605,,,MMO KH Buy And Sell Account Page,offline,All
606,,,MMO KH Buy And Sell Account Page,offline,All
607,,,MMO KH Buy And Sell Account Page,offline,All
608,,,MMO KH Buy And Sell Account Page,offline,All
609,,,MMO KH Buy And Sell Account Page,offline,All
610,,,MMO KH Buy And Sell Account Page,offline,All
611,,,MMO KH Buy And Sell Account Page,offline,All
612,,,MMO KH Buy And Sell Account Page,offline,All
613,,,MMO KH Buy And Sell Account Page,offline,All
614,,,MMO KH Buy And Sell Account Page,offline,All
615,,,MMO KH Buy And Sell Account Page,offline,All
616,,,MMO KH Buy And Sell Account Page,offline,All
617,,,MMO KH Buy And Sell Account Page,offline,All
618,,,MMO KH Buy And Sell Account Page,offline,All
619,,,MMO KH Buy And Sell Account Page,offline,All
620,,,MMO KH Buy And Sell Account Page,offline,All
621,Christine_50nhii,Brianna,MMO KH Buy And Sell Account Page,offline,All
622,fafa800KH3,FAFA800KH,MMO KH Buy And Sell Account Page,UserStatusRecently,All
623,beservich,·ûî·üÑ·üá·ûä·ûª·üÜ·ûë·üÜ·ûì·û∑·ûâ·ûÅ·üí·ûò·üÇ·ûöüá∞üá≠üá∞üá≠,MMO KH Buy And Sell Account Page,UserStatusRecently,All
624,,,MMO KH Buy And Sell Account Page,offline,All
625,layhong,Pheng,MMO KH Buy And Sell Account Page,UserStatusRecently,All
626,,,MMO KH Buy And Sell Account Page,offline,All
627,,,MMO KH Buy And Sell Account Page,offline,All
628,,,MMO KH Buy And Sell Account Page,offline,All
629,,,MMO KH Buy And Sell Account Page,offline,All
630,Sonicball88,ADMIN SONIC,MMO KH Buy And Sell Account Page,UserStatusRecently,All
631,,Chang,MMO KH Buy And Sell Account Page,UserStatusRecently,All
632,,Kankaknika,MMO KH Buy And Sell Account Page,UserStatusRecently,All
633,srcamboo,SR,MMO KH Buy And Sell Account Page,offline,All
634,,,MMO KH Buy And Sell Account Page,offline,All
635,,,MMO KH Buy And Sell Account Page,offline,All
636,Chhayna168,Leng,MMO KH Buy And Sell Account Page,UserStatusRecently,All
637,,Chen Samphy,MMO KH Buy And Sell Account Page,offline,All
638,sounphirum1,Soun Phirum,MMO KH Buy And Sell Account Page,offline,All
639,,,MMO KH Buy And Sell Account Page,offline,All
640,anhthu_huhu,Dao,MMO KH Buy And Sell Account Page,offline,All
641,Linvin_fe,LinVin Fe,MMO KH Buy And Sell Account Page,UserStatusRecently,All
642,Gregg_48rg,J,MMO KH Buy And Sell Account Page,offline,All
643,Bradley_37yr,Leah,MMO KH Buy And Sell Account Page,offline,All
644,Gwendolyn_49yw,Ghg4,MMO KH Buy And Sell Account Page,offline,All
645,Kirsten_47rri,Txyfjooj,MMO KH Buy And Sell Account Page,offline,All
646,Whitney_46hee,A,MMO KH Buy And Sell Account Page,offline,All
647,Brandi_78aair,Hh44,MMO KH Buy And Sell Account Page,offline,All
648,Cindy_69iyy,Fvg5,MMO KH Buy And Sell Account Page,offline,All
649,Jesus_31Jeus,18,MMO KH Buy And Sell Account Page,offline,All
650,Wesley_23lle,Gcf,MMO KH Buy And Sell Account Page,offline,All
651,Zoe_23ZZZe,gff,MMO KH Buy And Sell Account Page,offline,All
652,Alice_72cile,Ja,MMO KH Buy And Sell Account Page,offline,All
653,Brittney_35ttBt,Uahgw25,MMO KH Buy And Sell Account Page,offline,All
654,,,MMO KH Buy And Sell Account Page,offline,All
655,Shirley_31ih,TaTa(‚ù§Ô∏è),MMO KH Buy And Sell Account Page,offline,All
656,Sydney_61eee,Hcf3,MMO KH Buy And Sell Account Page,offline,All
657,Colleen_54eooC,Zhagg6,MMO KH Buy And Sell Account Page,offline,All
658,Kari_64iKra,Hwshg4,MMO KH Buy And Sell Account Page,offline,All
659,Jose_49esoo,75,MMO KH Buy And Sell Account Page,offline,All
660,Paul_76lul,Uguhbj,MMO KH Buy And Sell Account Page,offline,All
661,Carrie_57Cra,Ghhc1,MMO KH Buy And Sell Account Page,offline,All
662,Darrell_52rDrr,cgc,MMO KH Buy And Sell Account Page,offline,All
663,Vanessa_47Vae,Gcgc,MMO KH Buy And Sell Account Page,offline,All
664,Kendra_35dee,J,MMO KH Buy And Sell Account Page,offline,All
665,Harry_35ray,gcc,MMO KH Buy And Sell Account Page,offline,All
666,Erik_74ikkk,Uunn,MMO KH Buy And Sell Account Page,offline,All
667,Angela_43llee,R49,MMO KH Buy And Sell Account Page,offline,All
668,Allen_38llA,Nkv3,MMO KH Buy And Sell Account Page,offline,All
669,Xavier_61XXa,Hsjag4,MMO KH Buy And Sell Account Page,offline,All
670,Carolyn_41aayr,G,MMO KH Buy And Sell Account Page,offline,All
671,Sonya_56anyS,txf,MMO KH Buy And Sell Account Page,offline,All
672,Jonathan_43haJh,ÁæéÂõΩÊâìÁ≤â,MMO KH Buy And Sell Account Page,offline,All
673,Patrick_70rkaa,Jzhsv6,MMO KH Buy And Sell Account Page,offline,All
674,Andrew_29dA,cg,MMO KH Buy And Sell Account Page,offline,All
675,Angel_54lAA,Hhzz,MMO KH Buy And Sell Account Page,offline,All
676,Matthew_70heM,"Jhzsh,2",MMO KH Buy And Sell Account Page,offline,All
677,,,MMO KH Buy And Sell Account Page,offline,All
678,,,MMO KH Buy And Sell Account Page,offline,All
679,,,MMO KH Buy And Sell Account Page,offline,All
680,ZTO_PV_32,·ûü·ûª·ûì ·ûî·üä·ûª·ûì·ûí·ûø·ûì_PV32,MMO KH Buy And Sell Account Page,UserStatusRecently,All
681,fbwithsam,Sam,MMO KH Buy And Sell Account Page,UserStatusRecently,All
682,Bobby_77bBb,Steven,MMO KH Buy And Sell Account Page,offline,All
683,Ronald_23lR,Brett,MMO KH Buy And Sell Account Page,offline,All
684,,,MMO KH Buy And Sell Account Page,offline,All
685,,,MMO KH Buy And Sell Account Page,offline,All
686,,,MMO KH Buy And Sell Account Page,offline,All
687,Pamela_65llPa,Pamela,MMO KH Buy And Sell Account Page,UserStatusLastMonth,All
688,,Facebook,MMO KH Buy And Sell Account Page,offline,All
689,chheandev,Chhean~Dev,MMO KH Buy And Sell Account Page,UserStatusLastMonth,All
690,fbbwith,Sambath,MMO KH Buy And Sell Account Page,UserStatusLastMonth,All
691,sushi_callnn,Sushi,MMO KH Buy And Sell Account Page,offline,All
692,RoxieFlyHigh,·ûé·û∂·ûÑ - Nang,MMO KH Buy And Sell Account Page,UserStatusRecently,All
693,,,MMO KH Buy And Sell Account Page,offline,All
694,Norma_50amNa,Dam,MMO KH Buy And Sell Account Page,offline,All
695,Paige_20aP,Selena,MMO KH Buy And Sell Account Page,offline,All
696,,,MMO KH Buy And Sell Account Page,offline,All
697,Cassidy_61dy,Kimthar,MMO KH Buy And Sell Account Page,offline,All
698,Kathleen_37heee,Sorn,MMO KH Buy And Sell Account Page,offline,All
699,Sabrina_47ain,Kelly,MMO KH Buy And Sell Account Page,offline,All
700,gzhqp_36ihdwgtr,Kristie,MMO KH Buy And Sell Account Page,offline,All
701,Sheila_70alae,Taylor,MMO KH Buy And Sell Account Page,offline,All
702,Joy_47oooJ,Samon,MMO KH Buy And Sell Account Page,offline,All
703,Candace_22ndc,Brett,MMO KH Buy And Sell Account Page,offline,All
704,Katherine_60hh,Taylor,MMO KH Buy And Sell Account Page,offline,All
705,,,MMO KH Buy And Sell Account Page,offline,All
706,Julia_43uull,Vannai,MMO KH Buy And Sell Account Page,offline,All
707,,,MMO KH Buy And Sell Account Page,offline,All
708,Jill_34iJ,Jose,MMO KH Buy And Sell Account Page,offline,All
709,Adrienne_69ndA,Khor,MMO KH Buy And Sell Account Page,offline,All
710,Taylor_42TaT,Bin,MMO KH Buy And Sell Account Page,offline,All
711,Faith_37ih,Vath,MMO KH Buy And Sell Account Page,offline,All
712,Debra_61eDDD,Melissa,MMO KH Buy And Sell Account Page,offline,All
713,Kathleen_80ee,Sothar,MMO KH Buy And Sell Account Page,offline,All
714,Vith_Panther,Boyy,MMO KH Buy And Sell Account Page,UserStatusLastMonth,All
715,davisking888,ùïØùñÜùñõùñéùñò¬ÆÔ∏è,MMO KH Buy And Sell Account Page,UserStatusRecently,All
716,,,MMO KH Buy And Sell Account Page,offline,All
717,netonlinegaming888,NET Online Gaming üíé,MMO KH Buy And Sell Account Page,UserStatusRecently,All
718,,,MMO KH Buy And Sell Account Page,offline,All
719,Sherepage01,·ûü·ûè·üí·ûô·û∂,MMO KH Buy And Sell Account Page,UserStatusLastMonth,All
720,Babetta_Sell,üß∏ Babetta,MMO KH Buy And Sell Account Page,offline,All
721,zack_agc88,Zack_agc88,MMO KH Buy And Sell Account Page,UserStatusRecently,All
722,,,MMO KH Buy And Sell Account Page,offline,All
723,Efrosinia_78fn,–ï—Ñ—Ä–æ—Å–∏–Ω–∏—è,MMO KH Buy And Sell Account Page,offline,All
724,Sokrat_77attt,–°–æ–∫—Ä–∞—Ç,MMO KH Buy And Sell Account Page,offline,All
725,Gleb_43beb,–ì–ª–µ–±,MMO KH Buy And Sell Account Page,offline,All
726,Urij_44jj,–Æ—Ä–∏–π,MMO KH Buy And Sell Account Page,offline,All
727,ewaromsu_64fvwxwb,–ê–Ω–Ω–∞,MMO KH Buy And Sell Account Page,offline,All
728,Kamila_80la,–ö–∞–º–∏–ª–∞,MMO KH Buy And Sell Account Page,offline,All
729,Eleonora_56en,–≠–ª–µ–æ–Ω–æ—Ä–∞,MMO KH Buy And Sell Account Page,offline,All
730,,L,MMO KH Buy And Sell Account Page,UserStatusRecently,All
731,hadeskd,Hades,MMO KH Buy And Sell Account Page,UserStatusRecently,All
732,Brosadsong,Ny Pheakdey,MMO KH Buy And Sell Account Page,UserStatusRecently,All
733,CHHEAN0,Laa Laaüî±,MMO KH Buy And Sell Account Page,UserStatusRecently,All
734,Dyyy66788,Dyy,MMO KH Buy And Sell Account Page,offline,All
735,agencyfb_96,Nguy·ªÖn ƒê·ª©c Trung,MMO KH Buy And Sell Account Page,UserStatusLastMonth,All
736,,,MMO KH Buy And Sell Account Page,offline,All
737,SoZMlepzYQG2,A,MMO KH Buy And Sell Account Page,offline,All
738,Hbzm0cKn3K8W,A,MMO KH Buy And Sell Account Page,offline,All
739,Urhd7n6vENYz,A,MMO KH Buy And Sell Account Page,offline,All
740,aFgxEFlh8p49,A,MMO KH Buy And Sell Account Page,offline,All
741,,,MMO KH Buy And Sell Account Page,offline,All
742,eV0ZXjbRtHAK,A,MMO KH Buy And Sell Account Page,offline,All
743,NnkYYpmOGH5N,A,MMO KH Buy And Sell Account Page,offline,All
744,A2BbYtOcGsXg,A,MMO KH Buy And Sell Account Page,offline,All
745,gucOWOCh3fQu,A,MMO KH Buy And Sell Account Page,offline,All
746,OOUQOTXV1sop,A,MMO KH Buy And Sell Account Page,offline,All
747,v26zpVTCXVof,A,MMO KH Buy And Sell Account Page,offline,All
748,,,MMO KH Buy And Sell Account Page,offline,All
749,UwVoJutEVxij,A,MMO KH Buy And Sell Account Page,offline,All
750,SSR_saroeun,So Saroeun,MMO KH Buy And Sell Account Page,UserStatusRecently,All
751,Nhenbol,Nhen,MMO KH Buy And Sell Account Page,UserStatusRecently,All
752,,,MMO KH Buy And Sell Account Page,offline,All
753,KINGFAFA988WIN2,. Ê≥¢Êãâ,MMO KH Buy And Sell Account Page,offline,All
754,chhaikorngkhon,Korng. ü´°,MMO KH Buy And Sell Account Page,UserStatusRecently,All
755,masterpost007,‚ö°Ô∏è Reak Yubbin ‚ö°Ô∏è,MMO KH Buy And Sell Account Page,offline,All
756,Beth_73hteB,Chhun,MMO KH Buy And Sell Account Page,offline,All
757,,,MMO KH Buy And Sell Account Page,offline,All
758,,,MMO KH Buy And Sell Account Page,offline,All
759,Traci_69iaca,Traci,MMO KH Buy And Sell Account Page,offline,All
760,Vickie_30ciii,Neth,MMO KH Buy And Sell Account Page,offline,All
761,,,MMO KH Buy And Sell Account Page,offline,All
762,Whitney_57eeeh,Whitney,MMO KH Buy And Sell Account Page,offline,All
763,Lauren_75nre,Panha,MMO KH Buy And Sell Account Page,offline,All
764,johndigitalmarketingai,Bong John Digital Marketing,MMO KH Buy And Sell Account Page,UserStatusRecently,All
765,,TG,MMO KH Buy And Sell Account Page,offline,All
766,,TG,MMO KH Buy And Sell Account Page,offline,All
767,,,MMO KH Buy And Sell Account Page,offline,All
768,Dornsovandara,Sovanndara,MMO KH Buy And Sell Account Page,UserStatusRecently,All
769,dalin8989,DaLin,MMO KH Buy And Sell Account Page,offline,All
770,smmxsupport,SMMX SUPPORT,MMO KH Buy And Sell Account Page,UserStatusRecently,All
771,panhavorn99,Panhavorn,MMO KH Buy And Sell Account Page,UserStatusRecently,All
772,jjtopupcustomerservice,M,MMO KH Buy And Sell Account Page,UserStatusRecently,All
773,David_25iaD,43,MMO KH Buy And Sell Account Page,offline,All
774,HYWlyDZOy46l,ùöåùöëùöéùöä,MMO KH Buy And Sell Account Page,offline,All
775,Samuel_80ae,Hfhh3,MMO KH Buy And Sell Account Page,offline,All
776,Cheryl_56ryrr,Samantha,MMO KH Buy And Sell Account Page,offline,All
777,Penny_78PPy,Penny,MMO KH Buy And Sell Account Page,UserStatusRecently,All
778,,,MMO KH Buy And Sell Account Page,offline,All
779,iRexisyour,iRex.,MMO KH Buy And Sell Account Page,UserStatusRecently,All
780,,Eily,MMO KH Buy And Sell Account Page,UserStatusLastWeek,All
781,findnewjobs2005,HR // chilong,MMO KH Buy And Sell Account Page,offline,All
782,findnewjobs2025,HR // fong xiang,MMO KH Buy And Sell Account Page,offline,All
783,findnewjobs168,HR// Rathana,MMO KH Buy And Sell Account Page,offline,All
784,Dorothy_79or,Na,MMO KH Buy And Sell Account Page,offline,All
785,Brent_65rnr,·ûà·ûª·üÜ ·ûï·ûõ·üí·ûõ·û∂,MMO KH Buy And Sell Account Page,offline,All
786,PR_BossICT_Skills,ICT Skills,MMO KH Buy And Sell Account Page,UserStatusRecently,All
787,irinaka72nd,MuGongZi123,MMO KH Buy And Sell Account Page,offline,All
788,narakalwaysfresh,Sovannarak,MMO KH Buy And Sell Account Page,offline,All
789,PrimeDeal_Support,Prime,MMO KH Buy And Sell Account Page,UserStatusRecently,All
790,Rothanak2226,KONG,MMO KH Buy And Sell Account Page,UserStatusRecently,All
791,elonmusk399,Elon,MMO KH Buy And Sell Account Page,offline,All
792,supplyaccountpageservices,·ûö·üâ·üÅ·ûì,MMO KH Buy And Sell Account Page,UserStatusRecently,All
793,saravuth24,Sara Vuth,MMO KH Buy And Sell Account Page,UserStatusRecently,All
794,CHANTHUON_VME,Bii,MMO KH Buy And Sell Account Page,UserStatusRecently,All
795,smm24hh,Jenny.Phuong,MMO KH Buy And Sell Account Page,offline,All
796,,Cao Thi My May,MMO KH Buy And Sell Account Page,UserStatusLastMonth,All
797,locdepzai97,Locdepzai97,MMO KH Buy And Sell Account Page,offline,All
798,,Cao Ba Gioi,MMO KH Buy And Sell Account Page,UserStatusLastMonth,All
799,,Cao Thi Ai Diep,MMO KH Buy And Sell Account Page,UserStatusLastMonth,All
800,Sad_56dSSd,Sad,MMO KH Buy And Sell Account Page,offline,All
801,,Bui Kim The,MMO KH Buy And Sell Account Page,UserStatusLastMonth,All
802,,Bui Thi Le Quyt,MMO KH Buy And Sell Account Page,UserStatusLastMonth,All
803,,Chung Le Gai,MMO KH Buy And Sell Account Page,UserStatusLastMonth,All
804,,Bui Tien Thoi,MMO KH Buy And Sell Account Page,UserStatusLastMonth,All
805,Angelina_50aAA,Daniel,MMO KH Buy And Sell Account Page,offline,All
806,Elijah_57jli,JVP,MMO KH Buy And Sell Account Page,offline,All
807,,Cao Thi Thu Chanh,MMO KH Buy And Sell Account Page,UserStatusLastMonth,All
808,,Chu Nhu Hien,MMO KH Buy And Sell Account Page,UserStatusLastMonth,All
809,,Chung Kim Dinh,MMO KH Buy And Sell Account Page,UserStatusLastMonth,All
810,,Cao To Men,MMO KH Buy And Sell Account Page,UserStatusLastMonth,All
811,,·ûõ·û∏ ·ûê·üÅ·ûÑ·ûÇ·üê·ûÑ,MMO KH Buy And Sell Account Page,UserStatusRecently,All
812,kemzchhoung,Kemz,MMO KH Buy And Sell Account Page,UserStatusRecently,All
813,Povzixa,Run,MMO KH Buy And Sell Account Page,UserStatusRecently,All
814,nammale,SDVN_[Aiden],MMO KH Buy And Sell Account Page,UserStatusRecently,All
815,,,MMO KH Buy And Sell Account Page,offline,All
816,MengCertificate,Leang MengKheang,MMO KH Buy And Sell Account Page,UserStatusRecently,All
817,songhak_hengly,ùìóùìÆùì∑ùì∞ùìµùîÇ,MMO KH Buy And Sell Account Page,UserStatusRecently,All
818,,,MMO KH Buy And Sell Account Page,offline,All
819,gn96YqsVmL9w,Rotnth,MMO KH Buy And Sell Account Page,offline,All
820,Ngocvinh_ads,Ngocvinh,MMO KH Buy And Sell Account Page,offline,All
821,hongservice,Sreng,MMO KH Buy And Sell Account Page,offline,All
822,Seyha_pol,Seyha,MMO KH Buy And Sell Account Page,UserStatusRecently,All
823,cambotools,Cambo Tool,MMO KH Buy And Sell Account Page,UserStatusLastMonth,All
824,,,MMO KH Buy And Sell Account Page,offline,All
825,vuthymmo168,Su,MMO KH Buy And Sell Account Page,UserStatusRecently,All
826,sanabb1,Sana,MMO KH Buy And Sell Account Page,UserStatusLastWeek,All
827,ntdads,M√≠t,MMO KH Buy And Sell Account Page,UserStatusRecently,All
828,phanpenh9,PHAN,MMO KH Buy And Sell Account Page,UserStatusRecently,All
829,lanci99,ƒ§ƒô√¶≈Üƒü ≈§√¶,MMO KH Buy And Sell Account Page,offline,All
830,,Boos MMO,MMO KH Buy And Sell Account Page,offline,All
831,reach12356,I'm Reach,MMO KH Buy And Sell Account Page,UserStatusLastWeek,All
832,pkay_bonnie,PK - Boonie,MMO KH Buy And Sell Account Page,UserStatusRecently,All
833,,Muhammad,MMO KH Buy And Sell Account Page,offline,All
834,SeyhaThet20,Seyha,MMO KH Buy And Sell Account Page,UserStatusRecently,All
835,,:))),MMO KH Buy And Sell Account Page,offline,All
836,SENGSOKLAI55,SENG,MMO KH Buy And Sell Account Page,UserStatusRecently,All
837,THEARITHTHY,Thy,MMO KH Buy And Sell Account Page,UserStatusRecently,All
838,Phillip_67ihlP,6ufgh,MMO KH Buy And Sell Account Page,offline,All
839,Bruce_46Brre,HEANG,MMO KH Buy And Sell Account Page,offline,All
840,Cynthia_24yyCn,TRA,MMO KH Buy And Sell Account Page,offline,All
841,,,MMO KH Buy And Sell Account Page,offline,All
842,,Tr∆∞·ªùng Agency 2,MMO KH Buy And Sell Account Page,offline,All
843,Damon_56Dnmm,Damon,MMO KH Buy And Sell Account Page,offline,All
844,Juan_51naJ,Juan,MMO KH Buy And Sell Account Page,offline,All
845,Cameron_37eae,Cameron,MMO KH Buy And Sell Account Page,offline,All
846,Cristina_43ai,Cristina,MMO KH Buy And Sell Account Page,offline,All
847,,,MMO KH Buy And Sell Account Page,offline,All
848,Steven_70tSSe,Steven,MMO KH Buy And Sell Account Page,offline,All
849,Martha_30hath,Martha,MMO KH Buy And Sell Account Page,offline,All
850,Carl_27aCra,Carl,MMO KH Buy And Sell Account Page,offline,All
851,Claudia_66da,Claudia,MMO KH Buy And Sell Account Page,offline,All
852,Beverly_51rr,Beverly,MMO KH Buy And Sell Account Page,offline,All
853,jnxfmlj_22abcmchccvj,Glenn Spurbeck,MMO KH Buy And Sell Account Page,offline,All
854,IceBottra,Icebottra,MMO KH Buy And Sell Account Page,UserStatusRecently,All
855,miknea4,Mik Nea 7 Limited 2/6,MMO KH Buy And Sell Account Page,offline,All
856,,,MMO KH Buy And Sell Account Page,offline,All
857,,,MMO KH Buy And Sell Account Page,offline,All
858,hrconsultantservice,HR Consultant Service,MMO KH Buy And Sell Account Page,UserStatusRecently,All
859,Troy_77roT,Pe,MMO KH Buy And Sell Account Page,UserStatusRecently,All
860,Pisey035,Pi Sey 7 Limited 2/6,MMO KH Buy And Sell Account Page,offline,All
861,V_Sokunthea,Van,MMO KH Buy And Sell Account Page,UserStatusRecently,All
862,mhtjr_68jagpqncyd,Love You,MMO KH Buy And Sell Account Page,UserStatusRecently,All
863,,,MMO KH Buy And Sell Account Page,offline,All
864,,,MMO KH Buy And Sell Account Page,offline,All
865,,,MMO KH Buy And Sell Account Page,offline,All
866,,,MMO KH Buy And Sell Account Page,offline,All
867,Charles_69Cea,Va,MMO KH Buy And Sell Account Page,offline,All
868,Thidaa8,Thi Da 8 Limit 22,MMO KH Buy And Sell Account Page,offline,All
869,,,MMO KH Buy And Sell Account Page,offline,All
870,edrrrrrtt,Khom,MMO KH Buy And Sell Account Page,offline,All
871,rachanako,·û°·ûª·ûÑ,MMO KH Buy And Sell Account Page,UserStatusRecently,All
872,,Suport Team,MMO KH Buy And Sell Account Page,UserStatusLastMonth,All
873,NR_3585,Nady,MMO KH Buy And Sell Account Page,UserStatusRecently,All
874,CamboDigital001,SOVANNA Sak,MMO KH Buy And Sell Account Page,UserStatusRecently,All
875,,,MMO KH Buy And Sell Account Page,offline,All
876,billaboyy1,Billaboy,MMO KH Buy And Sell Account Page,UserStatusRecently,All
877,horx222,·ûü·üí·ûö·üÅ·ûÑ,MMO KH Buy And Sell Account Page,UserStatusRecently,All
878,,Tong Tong,MMO KH Buy And Sell Account Page,offline,All
879,,·ûè·û∂·ûÄ·üã·ûü·üä·û∏·ûÅ·üí·ûò·üÇ·ûöüá∞üá≠üá∞üá∑,MMO KH Buy And Sell Account Page,UserStatusLastMonth,All
880,JamesLUKAA,üè™,MMO KH Buy And Sell Account Page,UserStatusRecently,All
881,,Mir,MMO KH Buy And Sell Account Page,offline,All
882,adsfbfb,account advertising,MMO KH Buy And Sell Account Page,offline,All
883,,Miamy,MMO KH Buy And Sell Account Page,offline,All
884,pcservicecambodia,PC,MMO KH Buy And Sell Account Page,UserStatusRecently,All
885,,K i O,MMO KH Buy And Sell Account Page,UserStatusRecently,All
886,bulkSMS_freetest,bulk Sms,MMO KH Buy And Sell Account Page,offline,All
887,bulksms_market,bulk sms Market,MMO KH Buy And Sell Account Page,offline,All
888,Fly_Digital,Lay,MMO KH Buy And Sell Account Page,UserStatusRecently,All
889,isis_88,.,MMO KH Buy And Sell Account Page,UserStatusRecently,All
890,hanads1241,Tuy·∫øt ads,MMO KH Buy And Sell Account Page,offline,All
891,AnubisFBI,Anubis üß∏,MMO KH Buy And Sell Account Page,UserStatusRecently,All
892,,,MMO KH Buy And Sell Account Page,offline,All
893,,,MMO KH Buy And Sell Account Page,offline,All
894,,Ahmead,MMO KH Buy And Sell Account Page,offline,All
895,,,MMO KH Buy And Sell Account Page,offline,All
896,Fbads1011,FB,MMO KH Buy And Sell Account Page,UserStatusLastWeek,All
897,Lytharng,ùêãùê≤ ùêìùê°ùêöùêßùê†,MMO KH Buy And Sell Account Page,UserStatusRecently,All
898,asora_22,ASORA,MMO KH Buy And Sell Account Page,offline,All
899,,Vuth,MMO KH Buy And Sell Account Page,offline,All
900,TainghengHo,HO,MMO KH Buy And Sell Account Page,UserStatusRecently,All
901,trung_agc,trung,MMO KH Buy And Sell Account Page,offline,All
902,,,MMO KH Buy And Sell Account Page,offline,All
903,otofode96687,Helen Turner,MMO KH Buy And Sell Account Page,offline,All
904,Efeppostot5311987,Mafia_,MMO KH Buy And Sell Account Page,offline,All
905,userdara168,üöÄüöÄ,MMO KH Buy And Sell Account Page,UserStatusRecently,All
906,Stand_up77,·ûÅ·ûª·ûÑ,MMO KH Buy And Sell Account Page,UserStatusRecently,All
907,sethreal,Seth,MMO KH Buy And Sell Account Page,UserStatusLastMonth,All
908,,,MMO KH Buy And Sell Account Page,offline,All
909,MatthewRrioWencie,Matthew Rosario,MMO KH Buy And Sell Account Page,offline,All
910,,,MMO KH Buy And Sell Account Page,offline,All
911,Thearith_1,·ûÄ·ûô,MMO KH Buy And Sell Account Page,UserStatusRecently,All
912,,Xxx,MMO KH Buy And Sell Account Page,offline,All
913,hl_6953,HL,MMO KH Buy And Sell Account Page,UserStatusRecently,All
914,Mr_Ivan88,Mr,MMO KH Buy And Sell Account Page,UserStatusRecently,All
915,sanliheang123,·ûü·û∂·ûì·üí·ûè,MMO KH Buy And Sell Account Page,UserStatusRecently,All
916,,Ying,MMO KH Buy And Sell Account Page,offline,All
917,zhouv007,Zhou_V.,MMO KH Buy And Sell Account Page,UserStatusRecently,All
918,,,MMO KH Buy And Sell Account Page,offline,All
919,Sopheap168pop,Sopheap pho,MMO KH Buy And Sell Account Page,UserStatusRecently,All
920,Mekmek9899,Iwas,MMO KH Buy And Sell Account Page,UserStatusRecently,All
921,Munna_po2,Bibhay,MMO KH Buy And Sell Account Page,UserStatusRecently,All
922,Ra_Chan_chea,Chea,MMO KH Buy And Sell Account Page,UserStatusRecently,All
923,,·ûè·û∂·ûì·üã ·ûî·ûâ·üí·ûâ·û∂,MMO KH Buy And Sell Account Page,UserStatusRecently,All
924,,,MMO KH Buy And Sell Account Page,offline,All
925,BUNCHHENG919,BUN CHHENG ÔºàÁõõÊñáÊ∏ÖÔºâ,MMO KH Buy And Sell Account Page,UserStatusRecently,All
926,pichpeaches,Pichh,MMO KH Buy And Sell Account Page,UserStatusRecently,All
927,sungveasna,ùó©ùó≤ùóÆùòÄùóªùóÆ,MMO KH Buy And Sell Account Page,UserStatusRecently,All
928,Ohahaha006,Ohaha,MMO KH Buy And Sell Account Page,UserStatusLastMonth,All
929,,,MMO KH Buy And Sell Account Page,offline,All
930,,,MMO KH Buy And Sell Account Page,offline,All
931,,,MMO KH Buy And Sell Account Page,offline,All
932,,,MMO KH Buy And Sell Account Page,offline,All
933,Msmeijing,.,MMO KH Buy And Sell Account Page,UserStatusRecently,All
934,,,MMO KH Buy And Sell Account Page,offline,All
935,PichFromNoWhere,Pich,MMO KH Buy And Sell Account Page,UserStatusRecently,All
936,TuanVuong34,Facebook | üå±SEEDü¶íü¶íüêçüêç Œ£,MMO KH Buy And Sell Account Page,offline,All
937,Nannsi55,NAT SINANN( ·ûõ·ûÄ·üã·ûï·üÅ·ûÄ·ûÅ·üí·ûò·üÇ·ûö2k·ûä·ûõ·üã200k)·ûì·ûπ·ûÑacc TikTok grup telegram,MMO KH Buy And Sell Account Page,UserStatusRecently,All
938,GiaoSuVN,Su,MMO KH Buy And Sell Account Page,offline,All
939,Szz_168,Sz,MMO KH Buy And Sell Account Page,UserStatusRecently,All
940,vichikaseang,Seang,MMO KH Buy And Sell Account Page,UserStatusRecently,All
941,,,MMO KH Buy And Sell Account Page,offline,All
942,earhengly,HengLy,MMO KH Buy And Sell Account Page,UserStatusRecently,All
943,,,MMO KH Buy And Sell Account Page,offline,All
944,huy06r,Huy,MMO KH Buy And Sell Account Page,UserStatusRecently,All
945,Trung_82491mzqc22143,La gh,MMO KH Buy And Sell Account Page,offline,All
946,nuonni23,Ni,MMO KH Buy And Sell Account Page,UserStatusRecently,All
947,SanSambo,·ûü·û∂·ûì,MMO KH Buy And Sell Account Page,UserStatusRecently,All
948,,Hansraj,MMO KH Buy And Sell Account Page,UserStatusLastWeek,All
949,udeshgautam,Harry,MMO KH Buy And Sell Account Page,UserStatusRecently,All
950,TheMovieStore007,The Movie,MMO KH Buy And Sell Account Page,offline,All
951,Tinkonkhmer,Tin,MMO KH Buy And Sell Account Page,UserStatusRecently,All
952,,,MMO KH Buy And Sell Account Page,offline,All
953,,Mun,MMO KH Buy And Sell Account Page,UserStatusRecently,All
954,,YUN MENGLEANG,MMO KH Buy And Sell Account Page,offline,All
955,Bro_heng999,Heng,MMO KH Buy And Sell Account Page,offline,All
956,Roth8899999,ùó•ùóºùòÅùóµ,MMO KH Buy And Sell Account Page,offline,All
957,Bomn55,·ûü·üÅ·ûú·û∂·ûÄ·ûò·üí·ûò,MMO KH Buy And Sell Account Page,offline,All
958,,ùêäùê¢ùêßùê† ùêÉùê¢ùê†ùê¢ùê≠ùêöùê• ùêäùê°ùê¶ùêûùê´,MMO KH Buy And Sell Account Page,UserStatusLastMonth,All
959,dhshshs3772,Don,MMO KH Buy And Sell Account Page,offline,All
960,mengzzy,Meng,MMO KH Buy And Sell Account Page,UserStatusRecently,All
961,Quay5960,Li√™m,MMO KH Buy And Sell Account Page,UserStatusRecently,All
962,,BUNTHORN,MMO KH Buy And Sell Account Page,offline,All
963,ChhenglyChhoeur,Chhengly‚Äã Chhoeur,MMO KH Buy And Sell Account Page,UserStatusRecently,All
964,vanvary_sles,ùêØùêöùêßùêØùêöùê´ùê≤,MMO KH Buy And Sell Account Page,UserStatusRecently,All
965,,,MMO KH Buy And Sell Account Page,offline,All
966,kot9teen,Tuy,MMO KH Buy And Sell Account Page,UserStatusRecently,All
967,donta_us,·ûò·üí·ûÖ·û∂·ûü·üã,MMO KH Buy And Sell Account Page,UserStatusRecently,All
968,,Leng,MMO KH Buy And Sell Account Page,offline,All
969,mrchivorn,Chivorn,MMO KH Buy And Sell Account Page,UserStatusRecently,All
970,,Song,MMO KH Buy And Sell Account Page,UserStatusRecently,All
971,Chanthol9G,Soy,MMO KH Buy And Sell Account Page,UserStatusRecently,All
972,pheakdey_07,Pheakdey,MMO KH Buy And Sell Account Page,UserStatusRecently,All
973,LibanonSAMAHA,Libanon,MMO KH Buy And Sell Account Page,UserStatusRecently,All
974,nith2805,·ûë·û∑·ûè·üí·ûô,MMO KH Buy And Sell Account Page,UserStatusRecently,All
975,Topmedia2022,Kriss,MMO KH Buy And Sell Account Page,UserStatusLastWeek,All
976,sethmedia5555,HENG,MMO KH Buy And Sell Account Page,UserStatusRecently,All
977,Mr_Sarot,Chon,MMO KH Buy And Sell Account Page,UserStatusRecently,All
978,,,MMO KH Buy And Sell Account Page,offline,All
979,chanvichet9999,·ûÖ·û∂·ûì·üã,MMO KH Buy And Sell Account Page,UserStatusRecently,All
980,keaslo,Meakea,MMO KH Buy And Sell Account Page,UserStatusRecently,All
981,,...,MMO KH Buy And Sell Account Page,UserStatusRecently,All
982,Virakvitou,Virakvitou,MMO KH Buy And Sell Account Page,UserStatusRecently,All
983,schiavone98pf,Hh,MMO KH Buy And Sell Account Page,offline,All
984,in_box_to_me,Srey,MMO KH Buy And Sell Account Page,UserStatusRecently,All
985,,POUN Sochoeun,MMO KH Buy And Sell Account Page,offline,All
986,,·ûÇ·ûº,MMO KH Buy And Sell Account Page,UserStatusRecently,All
987,,The,MMO KH Buy And Sell Account Page,UserStatusLastMonth,All
988,,,MMO KH Buy And Sell Account Page,offline,All
989,,Hakk Sithan,MMO KH Buy And Sell Account Page,UserStatusRecently,All
990,hoeun_pheak,·û†·ûø·ûì,MMO KH Buy And Sell Account Page,UserStatusRecently,All
991,Seyhaggbb,Seyha,MMO KH Buy And Sell Account Page,offline,All
992,phally_laiheng,phally,MMO KH Buy And Sell Account Page,UserStatusRecently,All
993,King78781000,Admin King Online ·ûü·üí·ûè·üÅ·ûÖ·ûõ·ûÄ·üã,MMO KH Buy And Sell Account Page,UserStatusRecently,All
994,khmersimcard,PenhChet SIMCARD,MMO KH Buy And Sell Account Page,UserStatusRecently,All
995,thouhengyam,Yam,MMO KH Buy And Sell Account Page,UserStatusRecently,All
996,techtubez,Tech,MMO KH Buy And Sell Account Page,offline,All
997,Zrybob_1,ùêôùêëùêòùêÅùêéùêÅ,MMO KH Buy And Sell Account Page,UserStatusRecently,All
998,tinokh2024,Ly,MMO KH Buy And Sell Account Page,offline,All
999,bongbora33,Bong,MMO KH Buy And Sell Account Page,UserStatusRecently,All
1000,leee_walker,Lee,MMO KH Buy And Sell Account Page,UserStatusRecently,All
1001,MOEURNPOV,MOEURN,MMO KH Buy And Sell Account Page,UserStatusRecently,All
1002,Yasefa8811,SE,MMO KH Buy And Sell Account Page,UserStatusLastMonth,All
1003,,Mr,MMO KH Buy And Sell Account Page,offline,All
1004,Phanna33,Pan,MMO KH Buy And Sell Account Page,offline,All
1005,,Ell,MMO KH Buy And Sell Account Page,UserStatusRecently,All
1006,Fbwithsal,Sar,MMO KH Buy And Sell Account Page,UserStatusRecently,All
1007,,S,MMO KH Buy And Sell Account Page,offline,All
1008,Jky00,.........,MMO KH Buy And Sell Account Page,offline,All
1009,samiullah_official,The,MMO KH Buy And Sell Account Page,UserStatusRecently,All
1010,chanroth16,CHAN ROTH,MMO KH Buy And Sell Account Page,UserStatusRecently,All
1011,TRK_PHEAKDEY,(PHEAK,MMO KH Buy And Sell Account Page,UserStatusRecently,All
1012,,,MMO KH Buy And Sell Account Page,offline,All
1013,,YANG KUNTHARITH,MMO KH Buy And Sell Account Page,UserStatusRecently,All
1014,Rithivadhna,chen.vad,MMO KH Buy And Sell Account Page,UserStatusRecently,All
1015,liivang169,Chivang,MMO KH Buy And Sell Account Page,UserStatusRecently,All
1016,visalpoipet,seng,MMO KH Buy And Sell Account Page,offline,All
1017,banyousim,Banyou,MMO KH Buy And Sell Account Page,UserStatusLastMonth,All
1018,,Vƒ´NÃàü©∑,MMO KH Buy And Sell Account Page,offline,All
1019,panhaboth9,PANHA,MMO KH Buy And Sell Account Page,UserStatusLastMonth,All
1020,VeaYo45,Mr.,MMO KH Buy And Sell Account Page,UserStatusRecently,All
1021,,SEILA,MMO KH Buy And Sell Account Page,UserStatusRecently,All
1022,vannaksvay,Svay,MMO KH Buy And Sell Account Page,UserStatusRecently,All
1023,LENGBunheng,LENG Bunheng,MMO KH Buy And Sell Account Page,UserStatusRecently,All
1024,,,MMO KH Buy And Sell Account Page,offline,All
1025,,,MMO KH Buy And Sell Account Page,offline,All
1026,seselalala,se,MMO KH Buy And Sell Account Page,offline,All
1027,DEEJAY168,Pheak,MMO KH Buy And Sell Account Page,UserStatusRecently,All
1028,,piseth,MMO KH Buy And Sell Account Page,UserStatusRecently,All
1029,,·ûü·ûª·ûí·û∂·ûö·üâ·üÇ·ûì,MMO KH Buy And Sell Account Page,UserStatusRecently,All
1030,PSP8878,Sopheak,MMO KH Buy And Sell Account Page,UserStatusRecently,All
1031,MumTai,T ú·¥Ä…™.,MMO KH Buy And Sell Account Page,UserStatusRecently,All
1032,NotRith,Eang,MMO KH Buy And Sell Account Page,UserStatusRecently,All
1033,Fee_Lyy,FEE LYY,MMO KH Buy And Sell Account Page,UserStatusRecently,All
1034,luckysimcardstore168,LuckySimCardStore,MMO KH Buy And Sell Account Page,UserStatusRecently,All
1035,donet4200,Do,MMO KH Buy And Sell Account Page,UserStatusRecently,All
1036,Easytooladmin,Admin,MMO KH Buy And Sell Account Page,UserStatusRecently,All
1037,pana085,Chanpana,MMO KH Buy And Sell Account Page,UserStatusRecently,All
1038,CHANDARA_LUN,ÁõëÊéß‰∏≠ÂøÉ-ÁõëÊéßÂëò-LUN CHANDARA,MMO KH Buy And Sell Account Page,UserStatusRecently,All
1039,LuongYin,Chiluong,MMO KH Buy And Sell Account Page,UserStatusRecently,All
1040,Dolla_eng,ùíπùëúùìÅùìÅùí∂,MMO KH Buy And Sell Account Page,UserStatusRecently,All
1041,S3thtafe,Soeurn Broseth,MMO KH Buy And Sell Account Page,UserStatusRecently,All
1042,Thai111111111,Keo,MMO KH Buy And Sell Account Page,UserStatusRecently,All
1043,chayvirekchhey,Chay,MMO KH Buy And Sell Account Page,UserStatusRecently,All
1044,krakmeng,Krak,MMO KH Buy And Sell Account Page,UserStatusRecently,All
1045,,,MMO KH Buy And Sell Account Page,offline,All
1046,,Ly Thi Mai,MMO KH Buy And Sell Account Page,UserStatusLastMonth,All
1047,hulrote,Hul,MMO KH Buy And Sell Account Page,UserStatusRecently,All
1048,IENGnarat,IENG,MMO KH Buy And Sell Account Page,UserStatusRecently,All
1049,Bunna_lim,Lim Bunnaüõ´,MMO KH Buy And Sell Account Page,UserStatusRecently,All
1050,,B,MMO KH Buy And Sell Account Page,UserStatusRecently,All
1051,MaoSopheaktra09,MAOSOPHEAKTRA,MMO KH Buy And Sell Account Page,UserStatusRecently,All
1052,chhengthida,CHHENG,MMO KH Buy And Sell Account Page,UserStatusRecently,All
1053,Phira33,PHIRA,MMO KH Buy And Sell Account Page,UserStatusRecently,All
1054,Phynat,Seng Phynat,MMO KH Buy And Sell Account Page,UserStatusRecently,All
1055,tongsin168,Tongsin,MMO KH Buy And Sell Account Page,UserStatusRecently,All
1056,yinsythin,sythin,MMO KH Buy And Sell Account Page,UserStatusRecently,All
1057,Dararothpiseth,Dararoth,MMO KH Buy And Sell Account Page,UserStatusRecently,All
1058,SoPaSo9898,Norn,MMO KH Buy And Sell Account Page,UserStatusRecently,All
1059,,√Çmm ≈É√≠r√∏√ºth ‚úß,MMO KH Buy And Sell Account Page,UserStatusRecently,All
1060,Kongchanthorn369,Kong,MMO KH Buy And Sell Account Page,UserStatusRecently,All
1061,Rithytha,Tha,MMO KH Buy And Sell Account Page,UserStatusRecently,All
1062,laozingchunn,Lao,MMO KH Buy And Sell Account Page,UserStatusLastMonth,All
1063,Utdong,Long,MMO KH Buy And Sell Account Page,UserStatusRecently,All
1064,kongdara168,Kong,MMO KH Buy And Sell Account Page,offline,All
1065,PAVong,·ûî·üâ·û∂,MMO KH Buy And Sell Account Page,UserStatusRecently,All
1066,K_Bandeat,Khoun Bandeat-·ûÉ·ûΩ·ûì·ûî·ûé·üí·ûå·û∑·ûè,MMO KH Buy And Sell Account Page,UserStatusRecently,All
1067,,,MMO KH Buy And Sell Account Page,offline,All
1068,prosdarasocheata,Darasocheata,MMO KH Buy And Sell Account Page,UserStatusRecently,All
1069,,·û¢·û∂,MMO KH Buy And Sell Account Page,UserStatusLastWeek,All
1070,daro_hom,HOM DARO,MMO KH Buy And Sell Account Page,UserStatusRecently,All
1071,,,MMO KH Buy And Sell Account Page,offline,All
1072,VoleakPrintin,·ûú·ûõ·üê·ûÄ·üí·ûÅ·ûî·üÑ·üá·ûñ·ûª·ûò·üí·ûñ ·ûì·û∑·ûÑ·ûê·ûè·ûÖ·ûò·üí·ûõ·ûÑ,MMO KH Buy And Sell Account Page,UserStatusRecently,All
1073,S_Borin,BORIN,MMO KH Buy And Sell Account Page,offline,All
1074,vichhai168s,vi,MMO KH Buy And Sell Account Page,UserStatusRecently,All
1075,Sokleab9,Lorn,MMO KH Buy And Sell Account Page,offline,All
1076,Angkor999,Samny,MMO KH Buy And Sell Account Page,UserStatusRecently,All
1077,Soy_Matthew,Soy Matthew,MMO KH Buy And Sell Account Page,UserStatusRecently,All
1078,,Sarorn,MMO KH Buy And Sell Account Page,UserStatusRecently,All
1079,,Sotheara,MMO KH Buy And Sell Account Page,UserStatusRecently,All
1080,seavseyla,Seav,MMO KH Buy And Sell Account Page,UserStatusRecently,All
1081,,,MMO KH Buy And Sell Account Page,offline,All
1082,,·ûÄ·ûº·ûì,MMO KH Buy And Sell Account Page,UserStatusRecently,All
1083,SouKosal,Kosal,MMO KH Buy And Sell Account Page,UserStatusRecently,All
1084,hellofb,Kheam,MMO KH Buy And Sell Account Page,UserStatusRecently,All
1085,Maria_1681,T,MMO KH Buy And Sell Account Page,UserStatusLastMonth,All
1086,Kosal_087,SalüëÅüòà,MMO KH Buy And Sell Account Page,UserStatusRecently,All
1087,thebeatkh,Chan,MMO KH Buy And Sell Account Page,UserStatusLastWeek,All
1088,nareachmc,Nareach,MMO KH Buy And Sell Account Page,UserStatusRecently,All
1089,vuthyrothx9,Vuthyroth,MMO KH Buy And Sell Account Page,UserStatusRecently,All
1090,mnusadit168,R,MMO KH Buy And Sell Account Page,UserStatusRecently,All
1091,thikh01,Than,MMO KH Buy And Sell Account Page,UserStatusRecently,All
1092,Ktemsor,Chamnan,MMO KH Buy And Sell Account Page,UserStatusRecently,All
1093,Kakrotha,kak,MMO KH Buy And Sell Account Page,UserStatusRecently,All
1094,,,MMO KH Buy And Sell Account Page,offline,All
1095,king_clone_cambodia,MR MJ,MMO KH Buy And Sell Account Page,UserStatusRecently,All
1096,BunRathna,Bun,MMO KH Buy And Sell Account Page,UserStatusRecently,All
1097,Haii070,Hai,MMO KH Buy And Sell Account Page,UserStatusRecently,All
1098,thoulinchhang,Lin,MMO KH Buy And Sell Account Page,UserStatusRecently,All
1099,yimsophara,Yim,MMO KH Buy And Sell Account Page,UserStatusRecently,All
1100,HEDANSHAHRO,HEDAN,MMO KH Buy And Sell Account Page,UserStatusRecently,All
1101,Pidoltet543,·ûü·ûª·ûú·ûé·üí·ûé C1,MMO KH Buy And Sell Account Page,UserStatusRecently,All
1102,chheangkimly,Kim,MMO KH Buy And Sell Account Page,UserStatusRecently,All
1103,RANY_KMX,B. Rany - KMX,MMO KH Buy And Sell Account Page,UserStatusRecently,All
1104,Akyasha,AkyaSha,MMO KH Buy And Sell Account Page,UserStatusRecently,All
1105,meymonroe,Mon.,MMO KH Buy And Sell Account Page,UserStatusRecently,All
1106,J500smartscale,J-500,MMO KH Buy And Sell Account Page,UserStatusRecently,All
1107,markbattambang,Mark,MMO KH Buy And Sell Account Page,UserStatusRecently,All
1108,Sungnim1,Sung,MMO KH Buy And Sell Account Page,UserStatusRecently,All
